src,tgt,year
W4238160257,W4210968171,2019
W2492307338,W4210956211,2019
W1530669711,W4211232156,2019
W2115295158,W4211232156,2019
W2519764047,W4211232156,2019
W2756411094,W4211232156,2019
W3144728342,W4211232156,2019
W4244512132,W4211232156,2019
W2557283755,W2949868354,2019
W2963007936,W2949868354,2019
W2546879872,W2752134738,2019
W2557283755,W2752134738,2019
W2963007936,W2917565325,2019
W2518701514,W4211174396,2019
W2948361208,W2948361208,2019
W2890156809,W2945488102,2019
W2890156809,W2947015376,2019
W2963007936,W2974321032,2019
W2797148637,W2997486371,2019
W4210971297,W4210971297,2019
W2956193537,W2956193537,2019
W2395053085,W2962567350,2019
W2936035089,W2938895942,2019
W2489334268,W2911829831,2019
W2620867814,W4211194325,2019
W2531063972,W2943105260,2019
W2397481274,W2976814901,2019
W2755836521,W2990285203,2019
W2947015376,W2990307548,2019
W589316553,W2944659054,2019
W2518701514,W2949909174,2019
W1509480442,W2952267596,2019
W2593738417,W2953019974,2019
W2297716127,W2945425804,2019
W2797148637,W2950423668,2019
W1667574996,W2970978489,2019
W2766235398,W2991189205,2019
W2968200530,W3004800887,2019
W2752134738,W3040545425,2019
