src,tgt
A5086198262,I70931966
A5042195176,I114395901
A5062823200,I87216513
A5037697344,I27837315
A5028919793,I1174212
A5031682567,I201448701
A5045744709,I97018004
A5027340494,I97018004
A5072247317,I4210118560
A5028004665,I4210118560
A5027489992,I5023651
A5028919793,I1174212
A5031682567,I201448701
A5045744709,I97018004
A5027340494,I97018004
A5066373250,I44925452
A5064699160,I1291425158
A5077608032,I1291425158
A5035617528,I2800817003
A5061429095,I98381234
A5003032696,I20089843
A5039153937,I1291425158
A5034877995,I1291425158
A5031896681,I39555362
A5077952586,I130701444
A5059817205,I4210096112
A5027001546,I51556381
A5058755355,I201448701
A5036231132,I1291425158
A5015542293,I1291425158
A5016244525,I1291425158
A5014824446,I74973139
A5078160983,I1291425158
A5010613767,I201448701
A5003518978,I2800817003
A5089153368,I5124864
A5069872293,I170201317
A5071599724,I1291425158
A5033286190,I135310074
A5073756389,I5124864
A5059310658,I36258959
A5067441201,I74973139
A5005152458,I74973139
A5048916516,I1291425158
A5005219368,I2800817003
A5063273639,I36258959
A5091266570,I1291425158
A5004857863,I1291425158
A5044972281,I20089843
A5058849006,I1291425158
A5082414223,I118347636
A5003322209,I97018004
A5014293815,I1291425158
A5010145630,I1291425158
A5071710055,I1291425158
A5023495279,I63966007
A5019426968,I95457486
A5032224643,I1291425158
A5045519627,I5124864
A5001128596,I205783295
A5085885345,I1291425158
A5006851333,I97018004
A5022815450,I63966007
A5050613147,I74973139
A5078394535,I150468666
A5037237895,I1291425158
A5018143257,I200769079
A5065795593,I1291425158
A5064069283,I172675005
A5064111411,I1291425158
A5031002895,I161046081
A5036994172,I85507684
A5017180654,I118590987
A5079814512,I4210144839
A5029902840,I114432678
A5041778059,I79156528
A5057916222,I155093810
A5065172367,I79510175
A5076259865,I4210164937
A5087192873,I182980787
A5045523675,I4210139312
A5034416673,I4210146698
A5000893315,I67415387
A5049438854,I2251713219
A5090232242,I921990950
A5028089542,I4210114115
A5029473053,I55240360
A5040156274,I74973139
A5000463496,I97018004
A5033712392,I97018004
A5013912726,I97018004
A5026961968,I97018004
A5068326377,I97018004
A5023019774,I198945027
A5076891153,I189712700
A5064180238,I4210127762
A5020702999,I166337079
A5088674607,I96673099
A5056086147,I20121455
A5070093758,I114090438
A5036503167,I188760350
A5089923187,I255234318
A5088868657,I162577319
A5002041772,I111979921
A5038976962,I12912129
A5081115472,I55732556
A5020310993,I54459138
A5038897476,I184597095
A5034486931,I177477856
A5007311789,I92614990
A5010561682,I141568987
A5064383410,I39824353
A5038132985,I39824353
A5052772501,I39824353
A5073988999,I97018004
A5045744709,I97018004
A5088552753,I177477856
A5062112110,I876193797
A5044388139,I876193797
A5078421102,I181679659
A5026168075,I4210150892
A5036337528,I107639228
A5032775389,I4210151799
A5078473649,I16391192
A5000937401,I114027177
A5074553752,I98677209
A5048179939,I7882870
A5082181724,I169108374
A5005273293,I4577782
A5036875173,I4654613
A5057920673,I130828816
A5084652023,I260719752
A5062358756,I124055696
A5079405118,I298625061
A5012572227,I138689650
A5058275190,I89312276
A5029334337,I52357470
A5019817936,I52357470
A5011176205,I97018004
A5016380950,I63072094
A5045101158,I123044942
A5072774939,I51556381
A5000975435,I67357951
A5056976720,I200777214
A5084886581,I193700539
A5027213700,I99464096
A5053726723,I204730241
A5063667378,I44461941
A5045098894,I157485424
A5000296607,I31746571
A5007171832,I82880672
A5032965630,I87650153
A5028996052,I59270414
A5064734272,I4210111807
A5046113582,I5561750
A5066682425,I88060688
A5059641282,I5561750
A5009138721,I149672521
A5087628687,I57093077
A5020702999,I166337079
A5082955124,I1320404931
A5000975435,I1288043984
A5020392160,I4210124484
A5045593473,I4210107720
A5041909571,I1326498283
A5089996104,I4210100433
A5060372031,I4210093736
A5066621495,I4210124484
A5089404640,I165932596
A5062351587,I107672454
A5030551100,I34771391
A5073095019,I128277893
A5088813478,I204250578
A5000506517,I193181351
A5001270995,I172780181
A5025438346,I11923345
A5010336521,I4210116506
A5076701363,I41156924
A5077569089,I41156924
A5051439492,I41156924
A5047484294,I193662353
A5048872043,I183067930
A5001980782,I17301866
A5005837856,I66083562
A5058262411,I197173980
A5074141887,I3025081897
A5007171832,I82880672
A5061319881,I201448701
A5080143897,I1334329717
A5035215084,I165799507
A5086422507,I111950717
A5090666420,I876193797
A5002250184,I99065089
A5046448314,I99065089
A5024066584,I118347636
A5079147959,I161593684
A5062756194,I76130692
A5018138946,I124055696
A5050687235,I99043593
A5058729018,I78650965
A5080921001,I18014758
A5025665306,I99043593
A5073678932,I93320256
A5006259564,I62916508
A5091259315,I121883995
A5030647388,I145847075
A5034192756,I4210139398
A5053903265,I39706905
A5012899448,I163161326
A5000506517,I193181351
A5007851872,I4210157430
A5003402537,I4210119109
A5091017313,I4210108547
A5076121553,I58610484
A5007936316,I66946132
A5087542455,I67900169
A5003499139,I4210113276
A5049496911,I94588446
A5053783271,I21370196
A5046768475,I52135307
A5063375767,I2802368776
A5001322437,I4210150146
A5036024217,I4210124380
A5039596455,I2802368776
A5025702108,I4210112027
A5039280570,I2802042752
A5046024267,I4210160223
A5036369387,I52135307
A5069488538,I2996127693
A5061496318,I52135307
A5048250441,I4210150146
A5019968945,I52135307
A5048344653,I116067653
A5058144931,I4210108547
A5036568372,I4210108547
A5024633466,I168719708
A5029713004,I99065089
A5021197146,I114845381
A5077398892,I59433898
A5011169535,I2800559042
A5000296607,I185203018
A5090232242,I921990950
A5000766463,I2801245514
A5073901040,I74885063
A5005837856,I66083562
A5035627933,I196972281
A5028519943,I913958620
A5073988999,I97018004
A5045744709,I97018004
A5025048437,I87216513
A5040639891,I87216513
A5031896681,I39555362
A5054389106,I146552867
A5077398892,I59433898
A5090320352,I173664879
A5012275958,I4210118730
A5047867327,I1322731696
A5073568638,I24185976
A5034078369,I4210157430
A5005072193,I99065089
A5053007340,I93860229
A5074294896,I166337079
A5057148868,I4210129154
A5038119641,I4210138412
A5065352983,I18014758
A5017220106,I241749
A5038514283,I102913810
A5021226854,I102913810
A5027063601,I51569856
A5051314849,I24027795
A5083472752,I172675005
A5082955124,I1320404931
A5034720507,I4210110863
A5000937401,I114027177
A5000975435,I876193797
A5024909557,I269685040
A5011052188,I204778367
A5017050975,I76835614
A5070988819,I40347166
A5043945029,I2279609970
A5084095026,I95674353
A5074455901,I157725225
A5034372799,I40120149
A5008584000,I887968799
A5012275958,I4210118730
A5090320352,I4210118730
A5064830080,I179093154
A5039929397,I39586589
A5065100828,I162827531
A5091711243,I24185976
A5028592528,I102134673
A5034647327,I4210085887
A5076605128,I125839683
A5044975418,I204824540
A5063089732,I32971472
A5048250441,I4210150146
A5046768475,I52135307
A5001322437,I4210150146
A5026122976,I951315
A5070576727,I173911158
A5040402369,I36893310
A5082234532,I36893310
A5075432056,I891191580
A5010973698,I4210154879
A5043945029,I4210115519
A5043945029,I4210131745
A5071959897,I142740786
A5032706099,I3130511786
A5000355426,I64956957
A5056512471,I4210120471
A5065716990,I4210120471
A5031896681,I39555362
A5070988819,I40347166
A5083980731,I24603500
A5042604128,I82495205
A5065352983,I18014758
A5033473979,I203172682
A5061846947,I203172682
A5048831506,I173911158
A5090458959,I1850255
A5084949004,I189590672
A5012275958,I4210118730
A5045101158,I123044942
A5034486931,I177477856
A5051297830,I149704539
A5001770010,I157492648
A5055594838,I59361560
A5039854312,I2972652528
A5012777796,I35440088
A5028287123,I4210101327
A5071582618,I4210148195
A5062453217,I4210112471
A5018926238,I4210112471
A5014066075,I158248296
A5001523712,I176861719
A5036944228,I11750234
A5008824437,I158248296
A5083240643,I4210148684
A5072080783,I39333907
A5051532910,I15991598
A5037354101,I8204097
A5049695343,I174216632
A5035553646,I80281795
A5030419884,I51556381
A5091556790,I241749
A5051297402,I68891433
A5006872667,I4210119349
A5050062467,I33213144
A5032103649,I4210133906
A5083763815,I71267560
A5020101419,I201799495
A5004206574,I201799495
A5083131059,I14894300
A5054814598,I139759216
A5031448696,I46597724
A5091756520,I889458895
A5082955124,I1320404931
A5028919793,I2800817003
A5041685067,I66083562
A5067954492,I44563897
A5074160516,I4210155549
A5080409343,I4210157510
A5082942970,I4210157510
A5000975435,I1288043984
A5032103649,I4210155236
A5042103095,I14243506
A5014370955,I15517640
A5073678932,I93320256
A5073425319,I168719708
A5083275560,I129604602
A5069775408,I255234318
A5044062929,I4654613
A5032139438,I87097829
A5012096611,I3122695212
A5042875545,I3122695212
A5066237365,I36258959
A5050205557,I157725225
A5088817604,I33434090
A5010248533,I1174212
A5048906141,I74973139
A5050342525,I95457486
A5037697344,I27837315
A5041383246,I145311948
A5069193029,I223532165
A5071296935,I130701444
A5049231295,I8078737
A5084684313,I131249849
A5032562243,I186143895
A5077367921,I1174212
A5002511102,I125839683
A5052327236,I172675005
A5054865304,I59411706
A5035651349,I4210088322
A5090819693,I169381384
A5014088092,I3132279224
A5086499806,I5023651
A5018809288,I108403487
A5064830080,I179093154
A5088737112,I71675930
A5023624578,I1290206253
A5040136820,I4210115519
A5032787307,I145894827
A5010609038,I4210101176
A5070617834,I17866349
A5064834866,I60158472
A5028605138,I60158472
A5081909889,I28022161
A5090198147,I29891158
A5038514283,I157696592
A5021226854,I102913810
A5027063601,I51569856
A5072568988,I62916508
A5048940719,I62916508
A5028572624,I35440088
A5000893315,I67415387
A5049225160,I1326498283
A5053476692,I822440
A5015611475,I125749732
A5070898273,I4210096398
A5003904999,I129604602
A5032965630,I87650153
A5067610354,I181233156
A5052731721,I31746571
A5000893315,I67415387
A5047652595,I6498739
A5058774217,I5444425
A5050500595,I92403157
A5055326119,I24027795
A5006705415,I183067930
A5065472011,I155660961
A5007171832,I92403157
A5022840676,I118892805
A5001417775,I135310074
A5002456113,I168719708
A5048102462,I130828816
A5000893315,I67415387
A5021015886,I67031392
A5036734067,I67415387
A5037199084,I876193797
A5004758745,I149672521
A5072189850,I891191580
A5053926423,I149672521
A5024330637,I199417121
A5055724940,I60419261
A5089051829,I155781252
A5063089732,I32971472
A5018086865,I165143802
A5017534262,I2800173700
A5061143931,I865915315
A5010249054,I865915315
A5069154267,I4210145708
A5036137202,I93396115
A5011193598,I193223587
A5050141762,I193223587
A5080882119,I67357951
A5001408456,I115715567
A5039114708,I67357951
A5048991827,I191972202
A5077953037,I141945490
A5071532539,I4210091777
A5089921353,I4210138323
A5000937401,I114027177
A5082955124,I1320404931
A5077953037,I141945490
A5028919793,I4210123985
A5047787744,I185492890
A5035627933,I32597200
A5074815650,I20121455
A5001800500,I130828816
A5028605138,I60158472
A5032787307,I145894827
A5006312325,I145894827
A5064908609,I145894827
A5050431536,I68368234
A5022771914,I4210089617
A5051314400,I4210089617
A5080926469,I4210089617
A5002232506,I4210145784
A5004785656,I52357470
A5054436417,I4210091029
A5081132655,I102134673
A5033355107,I82880672
A5085607757,I96733725
A5005847333,I17145004
A5061379171,I60158472
A5007428307,I4210156759
A5047431609,I21370196
A5017619650,I223532165
A5045797802,I1306601404
A5052803333,I4210085887
A5034647327,I4210085887
A5064914434,I4210085887
A5086633120,I4210085887
A5002146004,I162346809
A5033037866,I111112146
A5000766463,I6498739
A5059964264,I162148367
A5065352983,I18014758
A5017220106,I241749
A5063307080,I98285908
A5071084962,I102134673
A5037387407,I4210123919
A5087059077,I4210155549
A5057331261,I4210119856
A5058816575,I5728261
A5013025849,I154757721
A5013635993,I147962203
A5007202295,I9842412
A5080014014,I92403157
A5074109337,I99065089
A5054103414,I165799507
A5017343541,I27483092
A5019071696,I176453806
A5059789320,I176453806
A5087567209,I50357001
A5020180533,I50357001
A5034290462,I126307644
A5015200121,I1303474014
A5028418850,I45129253
A5042993096,I115715567
A5065100828,I132153292
A5045098894,I157485424
A5051618450,I244572783
A5032706099,I3130511786
A5036792516,I205640436
A5000355426,I64956957
A5077074252,I166416128
A5036683370,I24603500
A5033422078,I168893459
A5054717936,I205783295
A5018819214,I196829312
A5045286703,I88189429
A5034823602,I119664326
A5028538506,I1323276237
A5016380950,I63072094
A5016214321,I522815984
A5003799782,I154425047
A5012275958,I4210118730
A5090320352,I4210118730
A5066168365,I2914622271
A5048579847,I74656192
A5091711243,I24185976
A5055210685,I102134673
A5038816870,I134694890
A5055732608,I102134673
A5045447396,I4210115485
A5029063875,I1329325741
A5014673075,I172446870
A5065682719,I592451
A5065912071,I39586589
A5078662697,I121345201
A5089994873,I121345201
A5014923315,I2801613365
A5057369600,I174878644
A5070125836,I45756140
A5027067436,I1850255
A5005337570,I3129553732
A5037913256,I173304897
A5041813158,I4210120555
A5041389182,I160993911
A5057313323,I82951845
A5029857529,I2800173700
A5046476267,I116953780
A5016204649,I116953780
A5036228775,I153718931
A5074164532,I153718931
A5062341746,I206945453
A5059439673,I8204097
A5085709286,I116067653
A5043108758,I4210162062
A5072322964,I116067653
A5019071696,I176453806
A5059789320,I176453806
A5030483392,I86725329
A5010478919,I204250578
A5038452656,I4210164937
A5055576104,I57206974
A5003819403,I57206974
A5005072193,I99065089
A5016488771,I66946132
A5053421619,I124227911
A5030785658,I182534213
A5038134940,I94624287
A5068862331,I196355604
A5039106106,I196355604
A5084384951,I4210090912
A5015891605,I123387679
A5053489712,I27837315
A5024058808,I5681781
A5024909557,I269685040
A5078127997,I39422238
A5031405372,I2801619622
A5014936252,I161318765
A5081541767,I2801851002
A5018655903,I4210165339
A5046605612,I172675005
A5026685411,I165932596
A5046653466,I9360294
A5079337546,I861853513
A5030112128,I4210117005
A5071274975,I211070993
A5063154944,I24768866
A5019913562,I241749
A5052018441,I63098007
A5017375713,I174306211
A5089492666,I1289461252
A5070039223,I59270414
A5018783162,I96036126
A5050062467,I33213144
A5042576292,I57206974
A5017042977,I16292982
A5007606917,I16292982
A5047503590,I68368234
A5083056452,I130828816
A5016380950,I63072094
A5002734812,I24943067
A5045456583,I135117807
A5026453313,I3006985408
A5045298378,I4575257
A5047521597,I2800187215
A5036820265,I119060216
A5066168365,I2914622271
A5082234532,I36893310
A5025652541,I137469784
A5026453313,I3006985408
A5053476692,I141945490
A5015611475,I125749732
A5014057564,I2802499160
A5087026860,I34771391
A5080217489,I51101395
A5089501629,I173304897
A5084644113,I94509681
A5036734067,I67415387
A5086650097,I130701444
A5025248878,I122411786
A5013158304,I4210152463
A5077460655,I122411786
A5022089911,I4210135317
A5065058581,I97098773
A5090320352,I4210118730
A5037636074,I200332995
A5088737112,I71675930
A5042467582,I183935753
A5049845313,I183935753
A5013096348,I55732556
A5088746380,I168719708
A5090320352,I4210118730
A5012275958,I4210118730
A5050008389,I4210095633
A5032384002,I99069390
A5017745566,I86519309
A5067952740,I1327163397
A5011377962,I165339363
A5082955124,I1320404931
A5017984102,I102134673
A5034901180,I163151358
A5070045410,I1280536761
A5033395722,I1280536761
A5049791941,I165143802
A5026047614,I165143802
A5045554497,I165932596
A5066373250,I44925452
A5038816870,I134694890
A5055433807,I4210132036
A5034078369,I4210157430
A5049996493,I4210110242
A5003523497,I2800817003
A5024831674,I21491767
A5032629854,I913481162
A5085785893,I44461941
A5008560262,I44461941
A5063667378,I44461941
A5008537902,I41725924
A5023504637,I4210153869
A5028870837,I36399199
A5029541965,I7454413
A5075900406,I4210108100
A5076504951,I4210108100
A5045420930,I169335092
A5033056152,I196829312
A5035940683,I130769515
A5066109793,I94234084
A5087028802,I59270414
A5060551543,I185261750
A5044152002,I45084792
A5090549590,I4210087817
A5033783997,I4210087817
A5062641378,I102149020
A5049140310,I1335369389
A5027777990,I4210147956
A5060417049,I139759216
A5002250184,I99065089
A5012930542,I99065089
A5051805730,I139759216
A5046448314,I99065089
A5055174523,I231622532
A5050985764,I4210143973
A5090458959,I1850255
A5088813478,I204250578
A5033069219,I102134673
A5011757745,I174216632
A5063612469,I1291425158
A5090747366,I4210112527
A5083026381,I4210112527
A5039929397,I4210112527
A5006966951,I39586589
A5039742693,I102134673
A5025331216,I15057530
A5000232046,I15057530
A5070966718,I145847075
A5015182248,I180923762
A5061319881,I201448701
A5076259865,I1290206253
A5011116979,I891191580
A5022670457,I4210147972
A5031371771,I188884621
A5039570133,I4076070
A5040829874,I172574986
A5042195176,I114395901
A5004206574,I201799495
A5008456610,I192455969
A5045713200,I50357001
A5055210685,I102134673
A5077395641,I79765343
A5082242689,I181369854
A5017524660,I31512782
A5027334214,I100066346
A5015080938,I31512782
A5059401126,I32062511
A5090575787,I32062511
A5090506185,I91136226
A5070443737,I102134673
A5013727792,I63966007
A5088555568,I35440088
A5006247481,I197323543
A5055668668,I142476485
A5050500830,I169108374
A5017349031,I38335241
A5040245429,I38335241
A5050900227,I38335241
A5034901180,I163151358
A5055510228,I4210134642
A5030697225,I126231945
A5046645515,I114017466
A5013096348,I55732556
A5030742237,I93396115
A5027503712,I129604602
A5022468649,I90745801
A5076586224,I117965899
A5022813752,I4210115088
A5003469648,I4210139483
A5023762919,I95674353
A5048036610,I4577782
A5053345854,I83467386
A5064567419,I151746483
A5037686951,I21250087
A5007479295,I160993911
A5027261841,I2801009184
A5085161160,I52099693
A5026668088,I18014758
A5058962719,I151746483
A5071274975,I211070993
A5063154944,I24768866
A5071682189,I305801656
A5048394879,I79619799
A5038388152,I4210121988
A5058816575,I5728261
A5013025849,I154757721
A5013635993,I147962203
A5074670449,I125839683
A5042488360,I125839683
A5047471512,I125839683
A5078842606,I200769079
A5023370414,I99939339
A5035759666,I4210152518
A5064641470,I4210145724
A5046825469,I169521973
A5075640143,I203847022
A5043945029,I4210131745
A5077239665,I4210087915
A5005035621,I878213199
A5022870004,I878213199
A5064462116,I41549804
A5059340793,I4076070
A5038138844,I54459138
A5000416781,I226560621
A5063307080,I98285908
A5000865868,I4210096973
A5078909773,I157773358
A5027033026,I55732556
A5022465917,I4210114212
A5043606036,I67415387
A5069264027,I17974374
A5055174523,I231622532
A5037831741,I148366613
A5084592859,I117965899
A5021226854,I69356397
A5038514283,I157696592
A5038352672,I102913810
A5059657954,I56590836
A5034647295,I57093077
A5060651495,I114027177
A5045418207,I4210092499
A5039742693,I4210142254
A5052018441,I63098007
A5050928648,I57093077
A5026456188,I57093077
A5086865721,I16365422
A5022465917,I4210114212
A5042150057,I75971999
A5089610879,I186903577
A5079390960,I183935753
A5062043545,I175327997
A5009310227,I76835614
A5056605626,I86467917
A5029034465,I24027795
A5041987043,I24027795
A5054803850,I24027795
A5077831333,I1291453478
A5079390960,I183935753
A5091908304,I102322142
A5038138844,I1344076864
A5085369152,I184840846
A5037335239,I4210124239
A5084949004,I189590672
A5017745566,I86519309
A5032787307,I145894827
A5062043545,I175327997
A5062043545,I175327997
A5012275958,I4210118730
A5041346094,I876193797
A5024633466,I168719708
A5084949004,I189590672
A5070399019,I21193070
A5078485305,I21193070
A5047118636,I204465549
A5017093934,I2801613365
A5015829118,I2801613365
A5022269446,I184565670
A5084949004,I189590672
A5019338801,I4210107733
A5083896155,I4210107733
A5058475882,I67357951
A5024556694,I144889574
A5053131261,I201106796
A5033033856,I71838634
A5044388139,I130343225
A5042169965,I182534213
A5003469648,I4210139483
A5064822688,I2801333002
A5018464968,I193531525
A5038138844,I54459138
A5000416781,I133837150
A5069788604,I70983195
A5046606347,I70983195
A5073568638,I24185976
A5087567209,I50357001
A5020180533,I50357001
A5014478452,I891191580
A5019358769,I107707843
A5021255849,I107707843
A5008706600,I4210137154
A5061206076,I115715567
A5055326119,I24027795
A5084949004,I189590672
A5024945500,I125956826
A5027313836,I44461941
A5063793631,I4210165760
A5000975435,I4210157510
A5048036610,I4577782
A5006966951,I223464139
A5045990809,I4210096345
A5034936246,I91277730
A5089756532,I4210124929
A5037803714,I6498739
A5033949551,I154549908
A5066532082,I4210125269
A5060918291,I126345244
A5049194708,I4210088951
A5046653466,I9360294
A5017042977,I16292982
A5007606917,I16292982
A5017388383,I116953780
A5077625109,I1328614147
A5033473979,I203172682
A5061846947,I203172682
A5020857714,I204983213
A5029475307,I204983213
A5062756194,I204983213
A5009310227,I129604602
A5018958964,I116292333
A5084644113,I94509681
A5052803333,I4210085887
A5034647327,I4210085887
A5064914434,I4210085887
A5086633120,I4210085887
A5036936081,I52357470
A5090090567,I130769515
A5016448118,I184999862
A5034290462,I126307644
A5004292285,I32597200
A5022813752,I4210115088
A5082181724,I169108374
A5005273293,I4577782
A5036875173,I4654613
A5057920673,I130828816
A5084652023,I4210166020
A5062358756,I124055696
A5079405118,I4577782
A5012572227,I138689650
A5044711688,I84884186
A5018660127,I229116131
A5055594838,I157492648
A5001770010,I157492648
A5087347697,I140887281
A5022840676,I118892805
A5052821522,I118892805
A5088557829,I68368234
A5010294234,I205571821
A5040345337,I255234318
A5035956980,I8078737
A5032359389,I90281761
A5045286703,I4210108522
A5048629954,I157725225
A5018246603,I1118541
A5021956516,I70931966
A5076586224,I117965899
A5017984102,I102134673
A5067610354,I181233156
A5009220389,I44852757
A5036583267,I1334329717
A5075292468,I1334329717
A5034694502,I874386039
A5091023010,I120691247
A5042576292,I57206974
A5072763073,I155781252
A5087731727,I4210119716
A5059660958,I105094715
A5023019774,I198945027
A5076891153,I189712700
A5048758245,I51556381
A5067715723,I1299907687
A5027309456,I63190737
A5003098656,I102134673
A5007741379,I91203450
A5014695494,I16835326
A5014936252,I161318765
A5062351587,I107672454
A5081541767,I136199984
A5022547481,I72816309
A5010043275,I69356397
A5054647648,I102134673
A5028740097,I114090438
A5025652541,I137469784
A5046354308,I1343180700
A5070544233,I108688024
A5018438088,I5681781
A5043145803,I108688024
A5019041324,I76369901
A5091633719,I76369901
A5048422260,I49663120
A5013120793,I47508984
A5090549590,I4210128818
A5033783997,I4210128818
A5062641378,I102149020
A5017534262,I45129253
A5054717936,I205783295
A5050749326,I21250087
A5012486505,I20231570
A5073730375,I11983389
A5029819514,I204831749
A5073568638,I24185976
A5003298449,I158842170
A5044443092,I27357992
A5052762681,I180726961
A5039320939,I60158472
A5056005713,I174306211
A5016122387,I26437253
A5013016113,I52669646
A5066520538,I52669646
A5027497109,I5023651
A5019913562,I241749
A5028592528,I102134673
A5074141887,I3025081897
A5050692107,I191972202
A5054189628,I79619799
A5060362716,I887064364
A5035553646,I80281795
A5023762919,I95674353
A5060102543,I184759092
A5075459877,I142263535
A5061143931,I865915315
A5010249054,I865915315
A5009718393,I117222138
A5030419884,I51556381
A5028933270,I102134673
A5064488080,I63135867
A5075292468,I874386039
A5034694502,I874386039
A5083252662,I9360294
A5014293815,I83467386
A5001568677,I113428412
A5034647327,I4210085887
A5052803333,I4210085887
A5061416981,I3132714249
A5043776219,I3132714249
A5050870916,I3132714249
A5059766027,I118501908
A5042604128,I82495205
A5081848578,I2800365227
A5052475314,I62396329
A5079957387,I4654613
A5089575155,I150744194
A5016011886,I45084792
A5044152002,I45084792
A5054389106,I146552867
A5088400668,I130769515
A5036683370,I24603500
A5024066584,I118347636
A5079147959,I161593684
A5000837692,I157674215
A5027324773,I157674215
A5006631854,I102134673
A5090440513,I4210145818
A5089686987,I184886455
A5051297402,I68891433
A5048361564,I68891433
A5080985746,I160606119
A5070860872,I905225518
A5033942292,I102134673
A5080230535,I174015415
A5050981515,I2968483793
A5001888977,I193662353
A5014341354,I102134673
A5005047709,I4210121988
A5059055671,I51556381
A5015509335,I51556381
A5045629957,I51556381
A5001788611,I10874241
A5029461718,I102134673
A5006649203,I114395901
A5027567742,I86519309
A5055732608,I102134673
A5089089696,I48071105
A5019466280,I186354981
A5031108297,I68891433
A5075640143,I118892805
A5064341381,I174306211
A5006688577,I205746353
A5001384764,I71999127
A5051478544,I71999127
A5001980782,I17301866
A5018086865,I165143802
A5075250374,I21370196
A5074409158,I21370196
A5078968973,I21370196
A5081112273,I21370196
A5061050264,I21370196
A5041054091,I21370196
A5056415454,I21370196
A5052731721,I31746571
A5081224781,I130701444
A5032769801,I4210121552
A5089994873,I121345201
A5057422723,I58918642
A5022255518,I921716337
A5049695343,I174216632
A5059967616,I14243506
A5059829687,I90610280
A5089202968,I158842170
A5056224599,I4210087408
A5050271502,I73417466
A5032248436,I1291425158
A5064608039,I1291425158
A5037200145,I1291425158
A5000115067,I1291425158
A5022465917,I4210114212
A5052242583,I4210114212
A5013096348,I55732556
A5038836690,I76569877
A5071345719,I32062511
A5057586476,I3019848993
A5075482342,I202963720
A5033280983,I4210114863
A5002680245,I200744771
A5079554685,I97018004
A5079761829,I4210149261
A5053779211,I2799652382
A5082535573,I897542642
A5036719135,I123565023
A5052131229,I123565023
A5069326301,I189590672
A5058681619,I189590672
A5010390337,I103635307
A5070988819,I40347166
A5053131261,I201106796
A5025665306,I99043593
A5084863607,I151201029
A5020328816,I12524447
A5010461684,I47251452
A5049304554,I100930933
A5058774217,I202524275
A5064149782,I23923803
A5048290652,I124601658
A5082936216,I102134673
A5079236889,I180437899
A5052719504,I85283370
A5045841076,I107470533
A5013809751,I241749
A5028354383,I241749
A5070468573,I4210116730
A5070058788,I102134673
A5050501609,I130194489
A5029506183,I203951103
A5023379719,I4210137929
A5057504273,I4210137929
A5018427613,I22128151
A5088621425,I102134673
A5018563086,I102134673
A5003521155,I3132075091
A5075419705,I222202552
A5091683104,I45084792
A5075459877,I142263535
A5027282397,I38335241
A5040245429,I38335241
A5082836366,I38335241
A5091802290,I111599522
A5020702999,I166337079
A5015301645,I102134673
A5041626389,I82951845
A5015896033,I1326116301
A5034292557,I1326116301
A5085228028,I102134673
A5032679417,I63966007
A5049398785,I4210150358
A5060763533,I124055696
A5066680347,I179097149
A5033198799,I91136226
A5042745853,I35345632
A5005866826,I193700539
A5085798332,I102134673
A5056654254,I197854408
A5079139740,I4210131288
A5061283138,I4210131288
A5022835083,I142444530
A5086208264,I149461666
A5048480522,I45084792
A5005337570,I3129553732
A5008528194,I174878644
A5008814570,I149461666
A5039742693,I4210142254
A5048758245,I51556381
A5024610782,I71052956
A5013016113,I52669646
A5066520538,I52669646
A5017042977,I16292982
A5028740097,I114090438
A5039742693,I4210142254
A5000813701,I4210115196
A5015742012,I52418104
A5024774718,I78650965
A5039742693,I4210142254
A5021498391,I4210121988
A5068370580,I202524275
A5019041324,I76369901
A5091633719,I76369901
A5071274975,I211070993
A5087347697,I140887281
A5030781096,I129604602
A5078223990,I142617266
A5050888090,I142617266
A5077832285,I231025917
A5007171832,I82880672
A5048831651,I59433898
A5064660687,I921716337
A5057674986,I142934699
A5008993849,I4210115303
A5057674986,I142934699
A5008993849,I4210115303
A5057674986,I142934699
A5067643590,I4210101898
A5057674986,I142934699
A5057674986,I142934699
A5065058581,I97098773
A5006966951,I223464139
A5081334025,I31746571
A5035188278,I125839683
A5073256902,I125839683
A5017093934,I2801613365
A5015829118,I2801613365
A5040136820,I4210115519
A5035188278,I125839683
A5073256902,I125839683
A5022840676,I141596103
A5052821522,I141596103
A5024556694,I144889574
A5009911041,I25217355
A5049507162,I4210115519
A5083194558,I97750245
A5024556694,I144889574
A5000851902,I55732556
A5051857079,I55732556
A5081115472,I55732556
A5090440513,I4210145818
A5043945029,I4210115519
A5050841896,I160856358
A5028898755,I66108857
A5017670243,I94734805
A5077625109,I1328614147
A5045447396,I4210113150
A5020729884,I60053951
A5036677589,I4210143738
A5086764360,I130238516
A5084069506,I887968799
A5016174489,I176453806
A5054710928,I211738395
A5050279461,I53964585
A5081848578,I2800365227
A5052475314,I62396329
A5079957387,I4654613
A5004393034,I142108993
A5000100573,I142108993
A5009138721,I149672521
A5057674986,I142934699
A5053042574,I1314596251
A5060576521,I21449261
A5003469648,I4210139483
A5060576521,I21449261
A5028639654,I94624287
A5048105169,I47508984
A5003469648,I4210139483
A5067643590,I4210101898
A5014827780,I91712215
A5057674986,I142934699
A5024703801,I188538660
A5067609002,I188538660
A5046665823,I188538660
A5049398785,I4210150358
A5060763533,I124055696
A5066680347,I179097149
A5013266148,I143002897
A5061469691,I91136226
A5042745853,I35345632
A5005866826,I193700539
A5038096249,I135310074
A5067228330,I4210138704
A5030109986,I4210151160
A5040374672,I4210115584
A5064887259,I3133099055
A5000813701,I4210115196
A5015742012,I52418104
A5078147241,I13469542
A5009305087,I13469542
A5082535573,I897542642
A5046630253,I71267560
A5083440261,I4210088668
A5086441180,I4210126640
A5088235676,I71715416
A5014987643,I4210113342
A5003849047,I165339363
A5077899424,I47151758
A5047932202,I4210165805
A5077254831,I2799535048
A5025565543,I4210165805
A5026536318,I4210165805
A5016618286,I2738703131
A5051697772,I28221208
A5037332948,I2802330208
A5088738795,I2802330208
A5048379980,I4210136798
A5072739193,I4210136798
A5012292616,I4210107720
A5031572520,I2738703131
A5013190596,I2738703131
A5041146664,I4210140930
A5028754666,I4210140930
A5039584836,I2801356230
A5068543892,I4210107720
A5074885928,I4210107720
A5071655967,I4210107720
A5043327775,I4210089144
A5062906790,I4210089144
A5012748071,I7454413
A5056588536,I4210136798
A5060690216,I4210136798
A5019192130,I4210140930
A5039217965,I4210112067
A5066835422,I95583923
A5040561508,I2801356230
A5059439673,I206945453
A5080510693,I2801356230
A5002747181,I4210089144
A5040324682,I19370010
A5056965097,I2801356230
A5041326453,I4210140930
A5022828632,I4210140930
A5023833979,I4210148559
A5073373203,I4210148559
A5075497720,I4210127572
A5068365822,I4210148559
A5049170646,I4210148559
A5041322005,I4210148559
A5049170646,I4210089144
A5057674986,I142934699
A5070041767,I4210089655
A5090062144,I4210089655
A5012906070,I98805295
A5054103414,I165799507
A5001568677,I113428412
A5034647327,I4210085887
A5052803333,I4210085887
A5038096249,I135310074
A5057674986,I142934699
A5001771133,I94624287
A5036503167,I188760350
A5070093758,I114090438
A5089923187,I255234318
A5003469648,I4210139483
A5019466280,I186354981
A5031108297,I68891433
A5066680347,I179097149
A5061469691,I91136226
A5003469648,I4210139483
A5070041767,I4210089655
A5090062144,I4210089655
A5024556694,I144889574
A5031703549,I4210129721
A5057237492,I55124831
A5069121941,I4210160465
A5024556694,I144889574
A5007202295,I4210165339
A5067976836,I4210132107
A5035936080,I4210142348
A5082535573,I26437253
A5082535573,I897542642
A5053228252,I51504820
A5017093934,I2801613365
A5015829118,I2801613365
A5017093934,I2801613365
A5003469648,I4210139483
A5036503167,I188760350
A5070093758,I114090438
A5089923187,I255234318
A5066680347,I179097149
A5061469691,I91136226
A5070041767,I4210089655
A5017093934,I2801613365
A5015829118,I2801613365
A5067643590,I4210101898
A5053131261,I201106796
A5065100828,I162827531
A5078147241,I13469542
A5009305087,I13469542
A5082535573,I897542642
A5046630253,I71267560
A5040900494,I158123994
A5030138295,I922474255
A5000506517,I193181351
A5051439492,I41156924
A5051805730,I139759216
A5060417049,I139759216
A5072774939,I51556381
A5038514283,I157696592
A5021226854,I69356397
A5027063601,I51569856
A5038352672,I102913810
A5064180238,I39555362
A5017594367,I4210161954
A5006247366,I159176309
A5041522926,I99065089
A5042145194,I9224756
A5079588173,I91083438
A5078975428,I143868143
A5032706099,I3130511786
A5088557829,I68368234
A5083222672,I6469544
A5056512471,I4210120471
A5065716990,I4210120471
A5033355107,I82880672
A5029461718,I102134673
