id,name,ror,country-code,type
I114432678,Tafila Technical University,https://ror.org/04jzmk773,JO,education
I4210139312,Optimal Synthesis (United States),https://ror.org/03a3x6z66,US,company
I4210146698,Haiphong Private University,https://ror.org/04gb9ay54,VN,education
I2251713219,NTT (Japan),https://ror.org/00berct97,JP,company
I55240360,Yeungnam University,https://ror.org/05yc6p159,KR,education
I181679659,Shanghai University of Finance and Economics,https://ror.org/00wtvfq62,CN,education
I4210151799,Siemens Healthcare (United States),https://ror.org/054962n91,US,company
I89312276,Plymouth State University,https://ror.org/00fpz4c36,US,education
I4210150892,Western Norway University of Applied Sciences,https://ror.org/05phns765,NO,education
I4210093736,Visual Solutions (Norway),https://ror.org/00fxawc57,NO,company
I197173980,Southeastern Louisiana University,https://ror.org/0531xck41,US,education
I4210124484,Directorate-General for Interpretation,https://ror.org/03728bb41,BE,government
I4210139398,Pflugerville Independent School District,https://ror.org/04tpen147,US,education
I39706905,German University of Technology,https://ror.org/055hq4920,OM,education
I163161326,Neumann University,https://ror.org/02sak2w47,US,education
I4210113276,Cox & Company (United States),https://ror.org/0230prd66,US,company
I94588446,Hongik University,https://ror.org/00egdv862,KR,education
I2802368776,Central Economics and Mathematics Institute,https://ror.org/02n937p61,RU,facility
I4210124380,Kemerovo Cardiology Center,https://ror.org/03gnxmx77,RU,healthcare
I4210112027,State Academic University of Humanities,https://ror.org/01bqs3h57,RU,education
I2802042752,University High School,https://ror.org/01a51dp76,US,education
I4210160223,Gymnasium am Münsterplatz,https://ror.org/052xrhc79,CH,education
I2996127693,Lyceum College,https://ror.org/037zdfv74,ZA,education
I2800559042,Riverview Hospital,https://ror.org/05cwpz219,CA,healthcare
I185203018,King Saud bin Abdulaziz University for Health Sciences,https://ror.org/0149jvn88,SA,education
I2801245514,Central Institute of Indian Languages,https://ror.org/02zww6317,IN,education
I196972281,Imec the Netherlands,https://ror.org/01ezq2j76,NL,facility
I173664879,Autonomous University of Baja California,https://ror.org/05xwcq167,MX,education
I1322731696,Centraal Bureau voor de Statistiek,https://ror.org/0408v4c28,NL,other
I4210110863,Medical Lake School District,https://ror.org/019zpgk48,US,education
I4210154879,KIST Medical College,https://ror.org/04zz3m093,NP,education
I4210114115,IBM Research - Thomas J. Watson Research Center,https://ror.org/0265w5591,US,facility
I4210112471,Istanbul University Cerrahpaşa,https://ror.org/01dzn5f42,TR,education
I11750234,University of Science and Culture,https://ror.org/048e0p659,IR,education
I4210148684,Fraunhofer Institute for Integrated Systems and Device Technology,https://ror.org/04q5rka56,DE,facility
I4210119349,Karlsruhe University of Education,https://ror.org/01t1kq612,DE,education
I15517640,Shri Venkateshwara University,https://ror.org/00xh8va68,IN,education
I93320256,University of Tampa,https://ror.org/007h1g065,US,education
I87097829,University of North Carolina at Asheville,https://ror.org/017c6at71,US,education
I4210101176,IRT M2P,https://ror.org/0199zgv94,FR,facility
I4210096398,Fraunhofer Institute for Production Technology IPT,https://ror.org/00t0rcy29,DE,facility
I5444425,Macalester College,https://ror.org/04fceqm38,US,education
I60419261,Peace Research Institute,https://ror.org/04dx54y73,NO,other
I4210145708,Ashford Hospital,https://ror.org/0436f0775,GB,healthcare
I4210091777,Women's Aid Organisation,https://ror.org/00fefjp46,MY,nonprofit
I4210138323,BioAxis DNA Research Centre (India),https://ror.org/0400tr590,IN,company
I4210123985,Southall Environmental Associates (United States),https://ror.org/02r7rkw80,US,company
I4210138412,Inria research centre Lille - Nord Europe,https://ror.org/04eej9726,FR,facility
I4210133906,Institute of Marine Engineering,https://ror.org/02qnx8e75,IT,education
I4210145784,IBM Research - Ireland,https://ror.org/04jnxr720,IE,facility
I4210156759,Cybid (Poland),https://ror.org/043xx4m81,PL,company
I4210111807,Center for Research in Molecular Medicine and Chronic Diseases,https://ror.org/0280bnq76,ES,facility
I4210123919,Forum for the Future,https://ror.org/02w38qn81,GB,nonprofit
I1303474014,Defence Science and Technology Group,https://ror.org/05ddrvt52,AU,nonprofit
I64956957,Aurel Vlaicu University of Arad,https://ror.org/05w5rsy15,RO,education
I168893459,University of Allahabad,https://ror.org/03vrx7m55,IN,education
I1323276237,Florida A&M University - Florida State University College of Engineering,https://ror.org/01v4tq883,US,education
I2972652528,University of Applied Sciences and Arts Northwestern Switzerland,https://ror.org/04mq2g308,CH,education
I1329325741,Philips (Finland),https://ror.org/01g4jev56,FI,company
I45756140,Hanoi University of Industry,https://ror.org/05hhz4s12,VN,education
I4210120555,Korean German Language and Literature Society,https://ror.org/023wbge51,KR,other
I11923345,Wrocław University of Science and Technology,https://ror.org/008fyn775,PL,education
I116067653,University of Rome Tor Vergata,https://ror.org/02p77k626,IT,education
I4210162062,Istituto di Analisi dei Sistemi ed Informatica Antonio Ruberti,https://ror.org/054ye0e45,IT,facility
I86725329,Hitachi Global Storage Technologies (United States),https://ror.org/02q0s1x22,US,company
I4210090912,Institute of Strength Physics and Materials Science,https://ror.org/00f4mz521,RU,facility
I2800187215,Korean Intellectual Property Office,https://ror.org/05btn9560,KR,government
I119060216,Hankyong National University,https://ror.org/0031nsg68,KR,education
I2914622271,Jai Prakash Vishwavidyalaya,https://ror.org/012rxev91,IN,education
I27483092,University of Perugia,https://ror.org/00x27da85,IT,education
I2802499160,IMDEA Networks,https://ror.org/04mm9fg30,ES,facility
I128277893,Bahçeşehir University,https://ror.org/00yze4d93,TR,education
I111112146,Tallinn University of Technology,https://ror.org/0443cwa12,EE,education
I4210152463,TE Laboratories (Ireland),https://ror.org/05th81a29,IE,company
I4210135317,General Motors (Poland),https://ror.org/03n3nz506,PL,company
I79156528,Universiti Tenaga Nasional,https://ror.org/03kxdn807,MY,education
I3122695212,Polytechnic University of Timişoara,https://ror.org/02v91gy68,RO,education
I4210129154,Centre Val de Loire,https://ror.org/03ntmtb29,FR,facility
I4210095633,General Department of Preventive Medicine,https://ror.org/00ntrnw83,VN,government
I99069390,Metropolitan State University,https://ror.org/056rp9e47,US,education
I119664326,University of Wolverhampton,https://ror.org/01k2y1055,GB,education
I1320404931,C. U. Shah University,https://ror.org/04rt7n757,IN,education
I92614990,Tokyo University of Agriculture and Technology,https://ror.org/00qg0kr10,JP,education
I134694890,Russian University of Transport,https://ror.org/05gba0366,RU,education
I4210132036,Universidad Simón Bolívar,https://ror.org/02njbw696,CO,education
I4210157430,V. A. Trapeznikov Institute of Control Sciences,https://ror.org/05f3yt521,RU,facility
I41725924,Muroran Institute of Technology,https://ror.org/04rymkk69,JP,education
I4210153869,Huaiyin Institute of Technology,https://ror.org/0555ezg60,CN,education
I51101395,Pantheon-Sorbonne University,https://ror.org/002t25c44,FR,education
I1335369389,Riyadh Armed Forces Hospital,https://ror.org/00mtny680,SA,healthcare
I4210147956,Sabre Engineering (United States),https://ror.org/03vhsyq48,US,company
I4210143973,University of Global Health Equity,https://ror.org/04c8tz716,RW,education
I199417121,Catholic University of Eichstätt-Ingolstadt,https://ror.org/00mx91s63,DE,education
I4210112527,Luxembourg Institute of Science and Technology,https://ror.org/01t178j62,LU,education
I4210147972,MKS Instruments (Japan),https://ror.org/03wfqxa90,JP,company
I1289461252,Indian Space Research Organisation,https://ror.org/00cwrns71,IN,government
I4210134642,Lac Hong University,https://ror.org/03nypmk85,VN,education
I305801656,Wroclaw University of Economics and Business,https://ror.org/013sm1c65,PL,education
I172574986,Kaunas University of Technology,https://ror.org/01me6gb93,LT,education
I196355604,National Research Tomsk State University,https://ror.org/02he2nc27,RU,education
I147962203,Democritus University of Thrace,https://ror.org/03bfqnx40,GR,education
I99939339,Brookhaven College,https://ror.org/04z1g6718,US,education
I4076070,Bharathidasan University,https://ror.org/02w7vnb60,IN,education
I135117807,Université de Sherbrooke,https://ror.org/00kybxq39,CA,education
I4210096973,University Surgical Associates,https://ror.org/00sx7n004,US,healthcare
I231622532,ORT Braude College,https://ror.org/004af2v94,IL,education
I96733725,Shanghai Maritime University,https://ror.org/04z7qrj66,CN,education
I98381234,University of Oulu,https://ror.org/03yj89h83,FI,education
I269685040,Koszalin University of Technology,https://ror.org/00x6dk626,PL,education
I951315,Graduate Institute of International and Development Studies,https://ror.org/007ygn379,CH,education
I878213199,Savitribai Phule Pune University,https://ror.org/044g6d731,IN,education
I71675930,Frankfurt School of Finance & Management,https://ror.org/05gxyna29,DE,education
I75971999,Centre for Science and Environment,https://ror.org/053e12g40,IN,nonprofit
I88189429,Danmarks Nationalbank,https://ror.org/01hh2jh68,DK,other
I5561750,University of Bari Aldo Moro,https://ror.org/027ynra39,IT,education
I4210124239,Shanghai Xiandai Architectural Design,https://ror.org/036xtjy06,CN,facility
I79765343,University of Vaasa,https://ror.org/03769b225,FI,education
I175327997,Savannah College of Art and Design,https://ror.org/04yhjzf92,US,education
I87650153,Emerson College,https://ror.org/011xz5b94,US,education
I1344076864,Center for Applied Linguistics,https://ror.org/020pekv35,US,nonprofit
I15991598,Konan University,https://ror.org/059b5pb30,JP,education
I20121455,Bielefeld University,https://ror.org/02hpadn98,DE,education
I5728261,University of Sunderland,https://ror.org/04p55hr04,GB,education
I24768866,Bulgarian Academy of Sciences,https://ror.org/01x8hew03,BG,government
I1306601404,Science and Technology Policy Institute,https://ror.org/00s147322,KR,facility
I1290206253,Microsoft (United States),https://ror.org/00d0nc645,US,company
I44563897,Artois University,https://ror.org/053x9s498,FR,education
I4210152518,Laboratoire d'Informatique Gaspard-Monge,https://ror.org/04t50yk91,FR,facility
I4210096112,Rutgers Sexual and Reproductive Health and Rights,https://ror.org/00rcvgx40,NL,other
I142476485,École Polytechnique,https://ror.org/05hy3tk52,FR,education
I186143895,Lehigh University,https://ror.org/012afjb06,US,education
I122411786,California Institute of Technology,https://ror.org/05dxps055,US,education
I260719752,Scotland's Rural College,https://ror.org/044e2ja82,GB,education
I201799495,Middle East Technical University,https://ror.org/014weej12,TR,education
I33434090,University of Massachusetts Boston,https://ror.org/04ydmy275,US,education
I4210101327,Twin Cities Orthopedics,https://ror.org/01en4s460,US,healthcare
I39586589,Swansea University,https://ror.org/053fq8t95,GB,education
I172446870,University of Cagliari,https://ror.org/003109y17,IT,education
I298625061,Swedish University of Agricultural Sciences,https://ror.org/02yy8x990,SE,education
I94234084,Indian Institute of Technology Kanpur,https://ror.org/05pjsgx75,IN,education
I85507684,Yarmouk University,https://ror.org/004mbaj56,JO,education
I155093810,University of Idaho,https://ror.org/03hbp5t65,US,education
I161046081,University of Freiburg,https://ror.org/0245cg223,DE,education
I4210092499,Center Point,https://ror.org/002eet613,US,other
I4210108547,EarthTech International (United States),https://ror.org/01mjdf856,US,company
I107707843,Roskilde University,https://ror.org/014axpa37,DK,education
I4210137154,Cambridge College,https://ror.org/036qj5r13,US,education
I4210118560,Max Planck Institute for Evolutionary Anthropology,https://ror.org/02a33b393,DE,facility
I4210165760,College of Accounting,https://ror.org/01e5pnf26,SI,education
I4210157510,Smt. Kashibai Navale Medical College and General hospital,https://ror.org/05kqjh845,IN,education
I4210096345,City University,https://ror.org/00r1j9q42,BD,education
I4210124929,Helmholtz Centre for Infection Research,https://ror.org/03d0p2685,DE,facility
I154549908,Indian Institute of Technology Jodhpur,https://ror.org/03yacj906,IN,education
I4210110242,Digital Science (United States),https://ror.org/020h4b682,US,company
I4210125269,RED Consulting (Norway),https://ror.org/038ny6229,NO,company
I4210088951,Synopsys (United States),https://ror.org/013by2m91,US,company
I889458895,University of Hong Kong,https://ror.org/02zhqgq86,CN,education
I116292333,National Graduate Institute for Policy Studies,https://ror.org/03gz5xp73,JP,education
I94509681,Technische Universität Braunschweig,https://ror.org/010nsgg66,DE,education
I74656192,University of Göttingen,https://ror.org/01y9bpm73,DE,education
I4210115088,Państwowa Wyższa Szkoła Zawodowa w Nysie,https://ror.org/029mfc453,PL,education
I4210166020,Ecosystem Sciences,https://ror.org/05mbqa235,AU,facility
I229116131,Northern Marianas College,https://ror.org/042zqcx93,US,education
I205571821,Ibero American University,https://ror.org/05vss7635,MX,education
I90281761,National Aviation University,https://ror.org/01f74x078,UA,education
I4210108522,National Centre for Product Design and Development Research,https://ror.org/02jqwk197,GB,facility
I162346809,Institut National des Langues et Civilisations Orientales,https://ror.org/023zg8w32,FR,education
I181233156,University of Oregon,https://ror.org/0293rh119,US,education
I1334329717,World Bank,https://ror.org/00ae7jd04,US,other
I4210119716,Netherlands Defence Academy,https://ror.org/02dnvjf04,NL,facility
I105094715,National Institute of Technology Kurukshetra,https://ror.org/04909p852,IN,education
I184565670,Georgetown University,https://ror.org/05vzafd60,US,education
I2801619622,Public and Science,https://ror.org/015jn0h55,SE,nonprofit
I1299907687,Bloomberg (United States),https://ror.org/02rdpzb15,US,company
I16835326,University of St Andrews,https://ror.org/02wn5qz54,GB,education
I179093154,University of New Hampshire at Manchester,https://ror.org/04pvpk743,US,education
I137469784,Miltenyi Biotec (Germany),https://ror.org/00qhe6a56,DE,company
I4210128818,Institute of Software,https://ror.org/033dfsn42,CN,facility
I102149020,University of North Carolina at Charlotte,https://ror.org/04dawnj30,US,education
I155660961,University of Turku,https://ror.org/05vghhr25,FI,education
I3025081897,Göteborgs Stads,https://ror.org/03nd75281,SE,other
I184759092,Lafayette College,https://ror.org/036n0x007,US,education
I874386039,National University of La Plata,https://ror.org/01tjs6929,AR,education
I83467386,IT University of Copenhagen,https://ror.org/02309jg23,DK,education
I3132714249,Borneo Tarakan University,https://ror.org/031jjng67,ID,education
I82495205,University of Alabama in Huntsville,https://ror.org/02zsxwr40,US,education
I146552867,University of Puget Sound,https://ror.org/042drmv40,US,education
I24603500,University of Massachusetts Amherst,https://ror.org/0072zz521,US,education
I184886455,Maersk (Denmark),https://ror.org/046gbzb64,DK,company
I174015415,Morpho (United States),https://ror.org/05q5em355,US,company
I2968483793,Visma (Norway),https://ror.org/04e9sck44,NO,company
I59411706,Adam Mickiewicz University in Poznań,https://ror.org/04g6bbq64,PL,education
I48071105,Anstalt für Verbrennungskraftmaschinen List,https://ror.org/01bydex26,AT,company
I169335092,University of North Carolina at Greensboro,https://ror.org/04fnxsj42,US,education
I118892805,University of Lisbon,https://ror.org/01c27hj86,PT,education
I71999127,University of Barcelona,https://ror.org/021018s57,ES,education
I17301866,University of Alabama,https://ror.org/03xrrjk67,US,education
I4210121552,Elecnor (Spain),https://ror.org/02jygec53,ES,company
I58918642,Sofia University,https://ror.org/02jv3k292,BG,education
I4210087408,Centro de Tecnologías Físicas y de la Información Leonardo Torres Quevedo,https://ror.org/00zsy6110,ES,facility
I32062511,Heriot-Watt University,https://ror.org/04mghma93,GB,education
I202963720,University of St. Gallen,https://ror.org/0561a3s31,CH,education
I4210114863,Fraunhofer Center for Applied Research on Supply Chain Services,https://ror.org/0263r2546,DE,facility
I6498739,Indian Statistical Institute,https://ror.org/00q2w1j53,IN,education
I200744771,ZHAW Zurich University of Applied Sciences,https://ror.org/05pmsvm27,CH,education
I4210149261,Pacific University,https://ror.org/059z5w858,US,education
I2799652382,Saskatchewan Polytechnic,https://ror.org/01e8w7w36,CA,education
I189590672,Kansas State University,https://ror.org/05p1j8758,US,education
I12524447,Seton Hall University,https://ror.org/007tn5k56,US,education
I4210118730,Instituto Tecnológico de Tijuana,https://ror.org/03dga7879,MX,education
I124601658,University of Parma,https://ror.org/02k7wn190,IT,education
I85283370,Senshu University,https://ror.org/03jzxkg37,JP,education
I4210116730,Universitätsmedizin Göttingen,https://ror.org/021ft0n22,DE,healthcare
I130343225,Universiti Putra Malaysia,https://ror.org/02e91jd64,MY,education
I22128151,University of Derby,https://ror.org/02yhrrk59,GB,education
I3132075091,Károli Gáspár University of the Reformed Church in Hungary,https://ror.org/03efbq855,HU,education
I222202552,Pedagogical and Technological University of Colombia,https://ror.org/04vdmbk59,CO,education
I123387679,Uppsala University,https://ror.org/048a87296,SE,education
I184597095,National Institute of Informatics,https://ror.org/04ksd4g47,JP,facility
I1326116301,Natural England,https://ror.org/00r66pz14,GB,government
I108403487,Warsaw University of Technology,https://ror.org/00y0xnp53,PL,education
I197854408,University of Malta,https://ror.org/03a62bv60,MT,education
I4210131288,National Engineering School of Tunis,https://ror.org/03b1zjt31,TN,education
I142444530,University of Trieste,https://ror.org/02n742c10,IT,education
I3129553732,Togliatti State University,https://ror.org/03e2ja558,RU,education
I4210108100,Fuzzy Systems Institute,https://ror.org/01ykj2t23,JP,other
I1327163397,State University of New York,https://ror.org/01q1z8k08,US,education
I99043593,Macquarie University,https://ror.org/01sf06y89,AU,education
I52669646,Western Washington University,https://ror.org/05wn7r715,US,education
I52135307,Kemerovo State University,https://ror.org/036yvre49,RU,education
I4210142254,Laboratoire Bordelais de Recherche en Informatique,https://ror.org/03adqg323,FR,facility
I211070993,University of National and World Economy,https://ror.org/017ph0934,BG,education
I50357001,Carlos III University of Madrid,https://ror.org/03ths8210,ES,education
I1850255,University of Basel,https://ror.org/02s6k3f65,CH,education
I142617266,University of Crete,https://ror.org/00dr28g20,GR,education
I231025917,Hellenic Open University,https://ror.org/02kq26x23,GR,education
I204730241,Université Paris Cité,https://ror.org/05f82e368,FR,education
I118590987,Northern Border University,https://ror.org/03j9tzj20,SA,education
I181369854,University of Erlangen-Nuremberg,https://ror.org/00f7hpc57,DE,education
I29891158,University of Sharjah,https://ror.org/00engpz63,AE,education
I8078737,Clemson University,https://ror.org/037s24f05,US,education
I38335241,National Institute of Technology Raipur,https://ror.org/02y553197,IN,education
I183935753,King's College London,https://ror.org/0220mzb33,GB,education
I71838634,San Francisco State University,https://ror.org/05ykr0121,US,education
I100930933,University College Dublin,https://ror.org/05m7pjf47,IE,education
I97098773,Webster University,https://ror.org/01x8j4206,US,education
I2801851002,Harvard University Press,https://ror.org/006v7bf86,US,other
I70983195,Syracuse University,https://ror.org/025r5qe02,US,education
I1343180700,Intel (United States),https://ror.org/01ek73717,US,company
I4210137929,Lamsade,https://ror.org/03pnp1a74,FR,facility
I39824353,"National Institute of Astrophysics, Optics and Electronics",https://ror.org/00bpmmc63,MX,facility
I121345201,Instituto de Engenharia de Sistemas e Computadores Investigação e Desenvolvimento,https://ror.org/04mqy3p58,PT,nonprofit
I25217355,University of Pavia,https://ror.org/00s6t1f81,IT,education
I97750245,Software (Spain),https://ror.org/02ethns06,ES,company
I4210148195,Concordia University,https://ror.org/04dwckp88,US,education
I4210117005,Laboratoire des Sciences du Numérique de Nantes,https://ror.org/02snf8m58,FR,facility
I118347636,Australian National University,https://ror.org/019wvm592,AU,education
I4210145818,Yale-NUS College,https://ror.org/04g9wch13,SG,education
I66108857,Gallaudet University,https://ror.org/02b9aym09,US,education
I94734805,Bryan College,https://ror.org/01bgnmj50,US,education
I1291453478,Esan University,https://ror.org/05dm6rc87,PE,education
I1328614147,California Department of Transportation,https://ror.org/04d46jp54,US,government
I4210113150,Laboratoire Interdisciplinaire de Physique,https://ror.org/023n9q531,FR,facility
I4210143738,Universidad de Los Andes,https://ror.org/04pqpvr75,BO,education
I211738395,Financial University,https://ror.org/01hnrbb29,RU,education
I53964585,Weizmann Institute of Science,https://ror.org/0316ej306,IL,education
I62396329,University of Rouen,https://ror.org/03nhjew95,FR,education
I142108993,Southwest University,https://ror.org/01kj4z117,CN,education
I149672521,Federation University,https://ror.org/05qbzwv83,AU,education
I49663120,University of Quebec,https://ror.org/010gxg263,CA,education
I204831749,Southwestern University of Finance and Economics,https://ror.org/04ewct822,CN,education
I63135867,University of Cincinnati,https://ror.org/01e3m7079,US,education
I126231945,Queen's University Belfast,https://ror.org/00hswnk62,GB,education
I63072094,University of Portsmouth,https://ror.org/03ykbk197,GB,education
I176861719,University of Shahrood,https://ror.org/00yqvtm78,IR,education
I1314596251,Allen Institute for Brain Science,https://ror.org/00dcv1019,US,facility
I59433898,Brunel University London,https://ror.org/00dn4t376,GB,education
I76369901,Beloit College,https://ror.org/009yr1d55,US,education
I21449261,Masaryk University,https://ror.org/02j46qs45,CZ,education
I121883995,Johannes Kepler University of Linz,https://ror.org/052r2xn60,AT,education
I63098007,Liverpool John Moores University,https://ror.org/04zfme737,GB,education
I126345244,Portland State University,https://ror.org/00yn2fy02,US,education
I15057530,University of Bordeaux,https://ror.org/057qpr032,FR,education
I125956826,Arkansas State University,https://ror.org/006pyvd89,US,education
I4210150358,Institute for Intelligent Systems and Robotics,https://ror.org/05neq8668,FR,facility
I35345632,Institut de Recherche et Coordination Acoustique Musique,https://ror.org/0121jnt59,FR,education
I193700539,Tilburg University,https://ror.org/04b8v1s79,NL,education
I4210138704,Centre de Recherche en Acquisition et Traitement de l'Image pour la Santé,https://ror.org/03smk3872,FR,facility
I4210151160,Grenoble Institute of Neurosciences,https://ror.org/04as3rk94,FR,facility
I4210115584,Sacred Heart College,https://ror.org/02pttbd79,IN,education
I3133099055,Kamdhenu University,https://ror.org/02k3mav14,IN,education
I4210115196,Laboratoire d’Informatique Fondamentale de Marseille,https://ror.org/022my8t07,FR,facility
I52418104,Federal University of Paraná,https://ror.org/05syd6y78,BR,education
I4210126640,Instituto de Filosofía,https://ror.org/031y0e568,ES,facility
I71715416,Universidade Federal do ABC,https://ror.org/028kg9j04,BR,education
I4210113342,Systems Engineering Society of China,https://ror.org/024pse488,CN,other
I165339363,University of Oviedo,https://ror.org/006gksa02,ES,education
I4210165805,Plastic Omnium (France),https://ror.org/05np4h792,FR,company
I2799535048,Centre National d'Études Spatiales,https://ror.org/04h1h0y33,FR,government
I2738703131,Atomic Energy and Alternative Energies Commission,https://ror.org/00jjx8s55,FR,government
I28221208,Institut National des Sciences Appliquées de Rennes,https://ror.org/04xaa4j22,FR,education
I2802330208,Statistics Belgium,https://ror.org/0246a9012,BE,government
I4210136798,Capgemini (France),https://ror.org/03qx9tc91,FR,company
I4210140930,Thales (France),https://ror.org/04emwm605,FR,company
I7454413,École Centrale de Lille,https://ror.org/01x441g73,FR,education
I4210112067,IBM (France),https://ror.org/02wnbr922,FR,company
I19370010,Orange (France),https://ror.org/035j0tq82,FR,company
I4210127572,IMT Atlantique,https://ror.org/030hj3061,FR,education
I98805295,University of the Aegean,https://ror.org/03zsp3p94,GR,education
I113428412,École Normale Supérieure de Lyon,https://ror.org/04zmssz18,FR,education
I4210085887,Laboratoire Hubert Curien,https://ror.org/0028p8r67,FR,facility
I4210116506,Wyoming Department of Education,https://ror.org/02abxwv41,US,government
I63190737,"University at Buffalo, State University of New York",https://ror.org/01y64my43,US,education
I86467917,James Cook University,https://ror.org/04gsp2c11,AU,education
I4210129721,Directorate General of Training,https://ror.org/03qe16108,IN,government
I55124831,"J.C. Bose University of Science & Technology, YMCA",https://ror.org/014jqnm52,IN,education
I4210160465,Université Constantine 2,https://ror.org/056mctw68,DZ,education
I144889574,University of Pau and Pays de l'Adour,https://ror.org/01frn9647,FR,education
I4210165339,Ningbo Institute of Industrial Technology,https://ror.org/05nqg3g04,CN,facility
I4210142348,Max Planck Institute for the History of Science,https://ror.org/0492sjc74,DE,facility
I3006985408,Jožef Stefan Institute,https://ror.org/05060sz93,SI,facility
I59270414,Indian Institute of Science Bangalore,https://ror.org/04dese585,IN,education
I67900169,Chung-Ang University,https://ror.org/01r024a98,KR,education
I124227911,Ben-Gurion University of the Negev,https://ror.org/05tkyf982,IL,education
I4210088322,Centre de Gestion Scientifique,https://ror.org/003y0kg83,FR,facility
I51504820,San Jose State University,https://ror.org/04qyvz380,US,education
I191972202,Amity University,https://ror.org/02n9z0v62,IN,education
I94624287,University of Twente,https://ror.org/006hf6230,NL,education
I4210148559,National Institute of Advanced Technologies of Brittany,https://ror.org/059n54003,FR,education
I95583923,Direction Générale de l'Armement,https://ror.org/04wsqd844,FR,government
I107470533,Tamkang University,https://ror.org/04tft4718,TW,education
I88060688,Technical University of Madrid,https://ror.org/03n6nwv02,ES,education
I2801009184,Luther University,https://ror.org/015dhy417,KR,education
I193223587,University of Trento,https://ror.org/05trd4x28,IT,education
I202524275,Smith College,https://ror.org/0497crr92,US,education
I4210139483,"Groupe de Recherche en Informatique, Image, Automatique et Instrumentation de Caen",https://ror.org/043749971,FR,facility
I4210131745,Parallel Consulting (United States),https://ror.org/03cssbw37,US,company
I223532165,University of Utah,https://ror.org/03r0ha626,US,education
I4210115485,Laboratoire d'Informatique pour la Mécanique et les Sciences de l'Ingénieur,https://ror.org/01raq4x89,FR,facility
I17974374,Universidade de São Paulo,https://ror.org/036rp1748,BR,education
I1118541,University of East Anglia,https://ror.org/026k5mg93,GB,education
I20089843,Princeton University,https://ror.org/00hx57361,US,education
I4210145724,Centre d'Etudes et De Recherche en Informatique et Communications,https://ror.org/044j5mm75,FR,facility
I4210115519,Centre de Recherche en Informatique,https://ror.org/020cdve92,FR,facility
I188760350,Ollscoil na Gaillimhe – University of Galway,https://ror.org/03bea9k73,IE,education
I114090438,Goethe University Frankfurt,https://ror.org/04cvxnb49,DE,education
I179097149,University of Carthage,https://ror.org/057x6za15,TN,education
I4210100433,Laboratoire de Psychologie et NeuroCognition,https://ror.org/014p6mg26,FR,facility
I913481162,Wageningen University & Research,https://ror.org/04qw24q55,NL,education
I4210089617,"Laboratory of Industrial and Human Automation Control, Mechanical Engineering and Computer Science",https://ror.org/006z7v557,FR,facility
I125749732,Western University,https://ror.org/02grkyz14,CA,education
I2801333002,Purdue University System,https://ror.org/05p8z3f47,US,education
I4210132107,Laboratoire Génie et Matériaux Textiles,https://ror.org/038sy2k93,FR,facility
I4210089655,Laboratoire Matière Molle et Chimie,https://ror.org/007sc9r91,FR,facility
I193531525,George Washington University,https://ror.org/00y4zzh67,US,education
I4210101898,GESIS - Leibniz-Institute for the Social Sciences,https://ror.org/018afyw53,DE,facility
I201106796,Buryat State University,https://ror.org/04rfsd440,RU,education
I162827531,Indian Institute of Technology Bombay,https://ror.org/02qyf5152,IN,education
I120691247,University of Hagen,https://ror.org/04tkkr536,DE,education
I193181351,University of Guadalajara,https://ror.org/043xj7k26,MX,education
I90745801,University of New England,https://ror.org/04r659a56,AU,education
I197323543,Johannes Gutenberg University Mainz,https://ror.org/023b0x485,DE,education
I4210088668,"National Research Institute for Agriculture, Food and Environment",https://ror.org/003vg9w96,FR,government
I16365422,Hefei University of Technology,https://ror.org/02czkny70,CN,education
I141568987,Hong Kong Baptist University,https://ror.org/0145fw131,CN,education
I255234318,Universidad de Zaragoza,https://ror.org/012a91z28,ES,education
I3132279224,Institut Supérieur de l'Électronique et du Numérique,https://ror.org/017h2rd72,FR,education
I1280536761,Ames Research Center,https://ror.org/02acart68,US,facility
I39333907,Yanshan University,https://ror.org/02txfnf15,CN,education
I76835614,University of Missouri,https://ror.org/02ymw8z06,US,education
I93396115,The University of Notre Dame Australia,https://ror.org/02stey378,AU,education
I182980787,University of Dallas,https://ror.org/00v3ak792,US,education
I4210089144,Centre National de la Recherche Scientifique,https://ror.org/00675rp98,MA,government
I107672454,Dartmouth College,https://ror.org/049s0rh22,US,education
I149461666,Ca' Foscari University of Venice,https://ror.org/04yzxz566,IT,education
I4210087817,Software (Germany),https://ror.org/004g36n56,DE,company
I66083562,Systems Research Institute,https://ror.org/0111cp837,PL,facility
I45084792,University of Florence,https://ror.org/04jr1s763,IT,education
I160856358,University of San Diego,https://ror.org/03jbbze48,US,education
I157696592,Universiti Malaysia Terengganu,https://ror.org/02474f074,MY,education
I69356397,Xi’an Jiaotong-Liverpool University,https://ror.org/03zmrmn05,CN,education
I51569856,Sultan Zainal Abidin University,https://ror.org/00bnk2e50,MY,education
I822440,Okanagan University College,https://ror.org/02mxmh518,CA,education
I5681781,University of Adelaide,https://ror.org/00892tw58,AU,education
I111979921,Northwestern University,https://ror.org/000e0be47,US,education
I11983389,Manchester Metropolitan University,https://ror.org/02hstj355,GB,education
I47251452,Wake Forest University,https://ror.org/0207ad724,US,education
I154757721,University of Piraeus,https://ror.org/02qs84g94,GR,education
I4210107720,CentraleSupélec,https://ror.org/019tcpt25,FR,facility
I2800365227,University of Paris-Est,https://ror.org/0268ecp52,FR,education
I4654613,University of Warsaw,https://ror.org/039bjqg32,PL,education
I2801356230,Thales (Australia),https://ror.org/00f7vya03,AU,company
I200769079,Hong Kong University of Science and Technology,https://ror.org/00q4vv597,CN,education
I4210114212,Laboratoire de Linguistique Formelle,https://ror.org/0223bz716,FR,facility
I73417466,Coventry University,https://ror.org/01tgmhj36,GB,education
I44852757,Liverpool Hope University,https://ror.org/03ctjbj91,GB,education
I1288043984,Techno India University,https://ror.org/00v1y6t69,IN,education
I9360294,University of Bologna,https://ror.org/01111rn36,IT,education
I91083438,Fort Hays State University,https://ror.org/00rwzgx62,US,education
I4210155549,Laboratoire de Mathématiques,https://ror.org/05sd5r855,FR,facility
I169108374,University of the Basque Country,https://ror.org/000xsnr85,ES,education
I193662353,Utrecht University,https://ror.org/04pp8hn57,NL,education
I124055696,University of Copenhagen,https://ror.org/035b05819,DK,education
I205640436,Curtin University,https://ror.org/02n415q13,AU,education
I2800817003,Southern California University for Professional Studies,https://ror.org/058zz0t50,US,education
I131249849,Oregon State University,https://ror.org/00ysfqy60,US,education
I4210164937,Microsoft Research (United Kingdom),https://ror.org/05k87vq12,GB,company
I117222138,Abu Dhabi University,https://ror.org/01r3kjq03,AE,education
I51556381,University of Virginia,https://ror.org/0153tk833,US,education
I159176309,Universität Hamburg,https://ror.org/00g30e956,DE,education
I59361560,Instituto Politécnico Nacional,https://ror.org/059sp8j34,MX,education
I39422238,University of Illinois at Chicago,https://ror.org/02mpq6x41,US,education
I174216632,City University of New York,https://ror.org/00453a208,US,education
I166337079,Queen Mary University of London,https://ror.org/026zzn846,GB,education
I8204097,Ludwig-Maximilians-Universität München,https://ror.org/05591te55,DE,education
I72816309,Drexel University,https://ror.org/04bdffz58,US,education
I3019848993,Mines Saint-Étienne,https://ror.org/05a1dws80,FR,education
I170201317,University of Pittsburgh,https://ror.org/01an3r305,US,education
I44925452,Özyeğin University,https://ror.org/01jjhfr75,TR,education
I189712700,University of Konstanz,https://ror.org/0546hnb39,DE,education
I188538660,University of Colorado Boulder,https://ror.org/02ttsq026,US,education
I126307644,University of Iowa,https://ror.org/036jqmy94,US,education
I68368234,Center for Research and Advanced Studies of the National Polytechnic Institute,https://ror.org/009eqmr18,MX,facility
I36893310,University of Hyderabad,https://ror.org/04a7rxb17,IN,education
I130238516,University of Minnesota,https://ror.org/017zqws13,US,education
I180437899,University of Bremen,https://ror.org/04ers2y35,DE,education
I161593684,Stockholm University,https://ror.org/05f0yaq80,SE,education
I223464139,Linnaeus University,https://ror.org/00j9qag85,SE,education
I145847075,TU Wien,https://ror.org/04d836q62,AT,education
I21250087,Charles University,https://ror.org/024d6js02,CZ,education
I185492890,University of Canterbury,https://ror.org/03y7q9t39,NZ,education
I149704539,Deakin University,https://ror.org/02czsnj07,AU,education
I4210120471,Instituto de Telecomunicações,https://ror.org/02ht4fk33,PT,nonprofit
I165143802,University of Queensland,https://ror.org/00rqy9422,AU,education
I186354981,University of Passau,https://ror.org/05ydjnb78,DE,education
I887064364,University of Amsterdam,https://ror.org/04dkp9463,NL,education
I186903577,University of Luxembourg,https://ror.org/036x5ad56,LU,education
I40347166,University of Chicago,https://ror.org/024mw5h28,US,education
I913958620,Erasmus University Rotterdam,https://ror.org/057w15z03,NL,education
I158248296,Amirkabir University of Technology,https://ror.org/04gzbav43,IR,education
I24027795,University of Johannesburg,https://ror.org/04z6c2n17,ZA,education
I117965899,University of Hawaiʻi at Mānoa,https://ror.org/01wspgy28,US,education
I180923762,University of Cologne,https://ror.org/00rcxh774,DE,education
I71052956,University of Reading,https://ror.org/05v62cm79,GB,education
I2801613365,Mitchell Institute,https://ror.org/03ds72003,US,nonprofit
I41156924,Victoria University of Wellington,https://ror.org/0040r6f76,NZ,education
I16391192,Tel Aviv University,https://ror.org/04mhzgx49,IL,education
I4210091029,ABB (United States),https://ror.org/00cb06v13,US,company
I107639228,University of Notre Dame,https://ror.org/00mkhxb43,US,education
I14894300,Foshan University,https://ror.org/02xvvvp28,CN,education
I157725225,University of Illinois Urbana-Champaign,https://ror.org/047426m28,US,education
I182534213,University of Porto,https://ror.org/043pwc612,PT,education
I62916508,Technical University of Munich,https://ror.org/02kkvpp62,DE,education
I196829312,La Trobe University,https://ror.org/01rxfrp27,AU,education
I32971472,Yale University,https://ror.org/03v76x132,US,education
I57093077,Swinburne University of Technology,https://ror.org/031rekg67,AU,education
I184840846,Virginia Commonwealth University,https://ror.org/02nkdxk79,US,education
I4210121988,Film Independent,https://ror.org/036cy3843,US,nonprofit
I71267560,University of Naples Federico II,https://ror.org/05290cv24,IT,education
I203847022,Instituto Politécnico de Lisboa,https://ror.org/04ea70f07,PT,education
I60158472,Concordia University,https://ror.org/0420zvk78,CA,education
I865915315,Vrije Universiteit Amsterdam,https://ror.org/008xxew50,NL,education
I78650965,TU Dresden,https://ror.org/042aqky30,DE,education
I46597724,Poznań University of Technology,https://ror.org/00p7p3302,PL,education
I160606119,University of Tennessee Health Science Center,https://ror.org/0011qv509,US,education
I27357992,Dalian University of Technology,https://ror.org/023hj5876,CN,education
I188884621,Lodz University of Technology,https://ror.org/00s8fpf52,PL,education
I63966007,Massachusetts Institute of Technology,https://ror.org/042nb2s44,US,education
I887968799,RWTH Aachen University,https://ror.org/04xfq0f34,DE,education
I5124864,École Polytechnique Fédérale de Lausanne,https://ror.org/02s376052,CH,facility
I204250578,"University of California, Irvine",https://ror.org/04gyf1771,US,education
I241749,University of Cambridge,https://ror.org/013meh722,GB,education
I21491767,Aix-Marseille University,https://ror.org/035xkbk20,FR,education
I204465549,Washington University in St. Louis,https://ror.org/01yc7t268,US,education
I4210161954,Département d'Informatique,https://ror.org/05y6rqs46,FR,facility
I98285908,Osaka University,https://ror.org/035t8zc32,JP,education
I922474255,Tokushima University,https://ror.org/044vy1d05,JP,education
I206945453,Paderborn University,https://ror.org/058kzsd48,DE,education
I130769515,Pennsylvania State University,https://ror.org/04p491231,US,education
I87216513,Michigan State University,https://ror.org/05hs6h993,US,education
I4575257,Hanyang University,https://ror.org/046865y68,KR,education
I9842412,Nanjing University of Aeronautics and Astronautics,https://ror.org/01scyh794,CN,education
I143868143,Anhui University,https://ror.org/05th6yx34,CN,education
I522815984,Robert Gordon University,https://ror.org/04f0qj703,GB,education
I142740786,University of Louisville,https://ror.org/01ckdn478,US,education
I47151758,National University of Uzbekistan,https://ror.org/011647w73,UZ,education
I16292982,National Institute of Technology Rourkela,https://ror.org/011gmn932,IN,education
I244572783,Symbiosis International University,https://ror.org/005r2ww51,IN,education
I74885063,Sharda University,https://ror.org/03b6ffh07,IN,education
I3130511786,Institute of Infrastructure Technology Research and Management,https://ror.org/059me1x50,IN,education
I130701444,Georgia Institute of Technology,https://ror.org/01zkghx44,US,education
I148366613,National Yang Ming Chiao Tung University,https://ror.org/00se2k293,TW,education
I142934699,"California State University, Fullerton",https://ror.org/02avqqw26,US,education
I155781252,University of South Carolina,https://ror.org/02b6qw903,US,education
I135310074,University of Wisconsin–Madison,https://ror.org/01y2jtd41,US,education
I141945490,University of British Columbia,https://ror.org/03rmrcq20,CA,education
I114395901,University of Nebraska–Lincoln,https://ror.org/043mer456,US,education
I12912129,Northeastern University,https://ror.org/04t5xt781,US,education
I132153292,Indian Institute of Technology Patna,https://ror.org/01ft5vz71,IN,education
I876193797,Vellore Institute of Technology University,https://ror.org/00qzypv28,IN,education
I157674215,Presidency University,https://ror.org/04xgbph11,IN,education
I67357951,KIIT University,https://ror.org/00k8zt527,IN,education
I180726961,Shenzhen University,https://ror.org/01vy4gh70,CN,education
I139759216,Beijing University of Posts and Telecommunications,https://ror.org/04w9fbh59,CN,education
I35440088,ETH Zurich,https://ror.org/05a28rw58,CH,education
I21193070,Beijing Jiaotong University,https://ror.org/01yj56c84,CN,education
I91712215,Saarland University,https://ror.org/01jdpyv68,DE,education
I39555362,University of Warwick,https://ror.org/01a77tt86,GB,education
I4210127762,Coventry (United Kingdom),https://ror.org/030nd5313,GB,company
I200777214,National and Kapodistrian University of Athens,https://ror.org/04gnjpq42,GR,education
I4210144839,Hamad bin Khalifa University,https://ror.org/03eyq4y97,QA,education
I28022161,King Saud University,https://ror.org/02f81g417,SA,education
I204824540,University of Wollongong,https://ror.org/00jtmb277,AU,education
I115715567,"Birla Institute of Technology, Mesra",https://ror.org/028vtqb15,IN,education
I68891433,Indian Institute of Technology Delhi,https://ror.org/049tgcd06,IN,education
I145894827,Indian Institute of Technology Kharagpur,https://ror.org/03w5sq511,IN,education
I114845381,National Institute of Technology Calicut,https://ror.org/03yyd7552,IN,education
I102913810,Universiti Malaysia Pahang,https://ror.org/01704wp68,MY,education
I160993911,Queensland University of Technology,https://ror.org/03pnv4752,AU,education
I204778367,Norwegian University of Science and Technology,https://ror.org/05xg72x27,NO,education
I92403157,University of Science and Technology Beijing,https://ror.org/02egmk993,CN,education
I203951103,Keio University,https://ror.org/02kn6nx58,JP,education
I158123994,Toyo University,https://ror.org/059d6yn51,JP,education
I205746353,University of Dhaka,https://ror.org/05wv2vq37,BD,education
I153718931,University of Ottawa,https://ror.org/03c4mmv16,CA,education
I102322142,"Rutgers, The State University of New Jersey",https://ror.org/05vt9qd57,US,education
I67415387,Lancaster University,https://ror.org/04f2nsd36,GB,education
I921716337,Northeast Petroleum University,https://ror.org/03net5943,CN,education
I41549804,Vidyasagar University,https://ror.org/027jsza11,IN,education
I201448701,University of Washington,https://ror.org/00cvxb145,US,education
I4210150146,Moscow State University,https://ror.org/050a13t43,TJ,education
I140887281,Goa University,https://ror.org/030reqw53,IN,education
I130194489,University of Alicante,https://ror.org/05t8bcz72,ES,education
I136199984,Harvard University,https://ror.org/03vek6s52,US,education
I200332995,TU Dortmund University,https://ror.org/01k97gp34,DE,education
I168719708,City University of Hong Kong,https://ror.org/03q8dnn23,CN,education
I24943067,Fudan University,https://ror.org/013q1eq08,CN,education
I111599522,Jiangnan University,https://ror.org/04mkzax54,CN,education
I161318765,"University of California, Los Angeles",https://ror.org/046rm7j60,US,education
I174306211,Technion – Israel Institute of Technology,https://ror.org/03qryx823,IL,education
I123565023,"Vietnam National University, Ho Chi Minh City",https://ror.org/00waaqh38,VN,education
I17145004,Northwestern Polytechnical University,https://ror.org/01y0j0j86,CN,education
I4210119856,Université Sultan Moulay Slimane,https://ror.org/02m8tb249,MA,education
I172780181,University of the Punjab,https://ror.org/011maz450,PK,education
I184999862,University of Salamanca,https://ror.org/02f40zc51,ES,education
I96036126,Kumamoto University,https://ror.org/02cgss904,JP,education
I891191580,Aalborg University,https://ror.org/04m5j1k67,DK,education
I141596103,University of Lisbon,https://ror.org/01c27hj86,PT,education
I138689650,University of Padua,https://ror.org/00240q980,IT,education
I6469544,City University of Macau,https://ror.org/04gpd4q15,CN,education
I151746483,University of Waterloo,https://ror.org/01aff2v68,CA,education
I4210119109,Indiana University Bloomington,https://ror.org/02k40bc56,US,education
I90610280,South China University of Technology,https://ror.org/0530pts50,CN,education
I157485424,Korea Advanced Institute of Science and Technology,https://ror.org/05apxxy63,KR,education
I592451,Indiana University,https://ror.org/01kg8sb98,US,education
I129604602,University of Sydney,https://ror.org/0384j8v12,AU,education
I162148367,Pontificia Universidad Católica de Chile,https://ror.org/04teye511,CL,education
I57206974,New York University,https://ror.org/0190ak572,US,education
I97018004,Stanford University,https://ror.org/00f54p054,US,education
I36258959,"University of California, San Diego",https://ror.org/0168r3w48,US,education
I24185976,Sichuan University,https://ror.org/011ashp19,CN,education
I4210155236,National Research Council,https://ror.org/04zaypm56,IT,nonprofit
I204983213,Harbin Institute of Technology,https://ror.org/01yqg2h08,CN,education
I96673099,Technical University of Denmark,https://ror.org/04qtj9h94,DK,education
I99065089,Tsinghua University,https://ror.org/03cve4549,CN,education
I4210107733,"Computer Science, Integrative Biology and Complex Systems",https://ror.org/01aqxgr98,FR,facility
I26437253,Örebro University,https://ror.org/05kytsw45,SE,education
I103635307,"University of California, Riverside",https://ror.org/03nawhv43,US,education
I67031392,Carleton University,https://ror.org/02qtvee93,CA,education
I17866349,Université de Toulouse,https://ror.org/004raaa70,FR,education
I226560621,"California State University, San Marcos",https://ror.org/01j8e0j24,US,education
I176453806,University of Potsdam,https://ror.org/03bnmw459,DE,education
I130828816,University of Leeds,https://ror.org/024mrxd33,GB,education
I154425047,University of Alberta,https://ror.org/0160cpw27,CA,education
I169381384,University of Groningen,https://ror.org/012p63287,NL,education
I111950717,Macau University of Science and Technology,https://ror.org/03jqs2n27,CN,education
I58610484,Seattle University,https://ror.org/02jqc0m91,US,education
I123044942,Autonomous University of Barcelona,https://ror.org/052g8jq94,ES,education
I2800173700,UCL Australia,https://ror.org/024atcf19,AU,education
I45129253,University College London,https://ror.org/02jx3x895,GB,education
I23923803,University of Exeter,https://ror.org/03yghzc09,GB,education
I897542642,University of Plymouth,https://ror.org/008n7pv89,GB,education
I905225518,Shanghai University of International Business and Economics,https://ror.org/031t68441,CN,education
I7882870,University of Glasgow,https://ror.org/00vtgdb53,GB,education
I52099693,University of York,https://ror.org/04m01e293,GB,education
I173911158,Iowa State University,https://ror.org/04rswrd78,US,education
I192455969,York University,https://ror.org/05fq50484,CA,education
I145311948,Johns Hopkins University,https://ror.org/00za53h95,US,education
I27837315,University of Michigan–Ann Arbor,https://ror.org/00jmfr291,US,education
I74973139,Carnegie Mellon University,https://ror.org/05x2bcf33,US,education
I33213144,University of Florida,https://ror.org/02y3ad647,US,education
I4577782,Technical University of Berlin,https://ror.org/03v4gjf40,DE,education
I60053951,Universitat Politècnica de València,https://ror.org/01460j859,ES,education
I173304897,University of Granada,https://ror.org/04njjy449,ES,education
I9224756,Northeastern University,https://ror.org/03awzbc87,CN,education
I150744194,Waseda University,https://ror.org/00ntfnx83,JP,education
I108688024,Qingdao University,https://ror.org/021cj6z65,CN,education
I10874241,"Jawaharlal Nehru Technological University, Hyderabad",https://ror.org/002tchr49,IN,education
I82951845,RMIT University,https://ror.org/04ttjf776,AU,education
I151201029,National Scientific and Technical Research Council,https://ror.org/03cqe8w59,AR,government
I198945027,Central European University,https://ror.org/02zx40v98,AT,education
I70931966,Université de Montréal,https://ror.org/0161xgx34,CA,education
I143002897,Université de Toulon,https://ror.org/02m9kbe37,FR,education
I1326498283,French Institute for Research in Computer Science and Automation,https://ror.org/02kvxyf05,FR,government
I4210115303,Synergy University,https://ror.org/028mtfb17,RU,education
I118501908,National Research University Higher School of Economics,https://ror.org/055f7t516,RU,education
I125839683,Beijing Institute of Technology,https://ror.org/01skt4w74,CN,education
I91203450,University of Haifa,https://ror.org/02f009v59,IL,education
I172675005,Nanyang Technological University,https://ror.org/02e7b5302,SG,education
I93860229,Politecnico di Milano,https://ror.org/01nffqt88,IT,education
I66946132,"University of Maryland, College Park",https://ror.org/047s2c258,US,education
I166416128,DEVCOM Army Research Laboratory,https://ror.org/011hc8f90,US,government
I95457486,"University of California, Berkeley",https://ror.org/01an7q238,US,education
I1291425158,Google (United States),https://ror.org/00njsd438,US,company
I861853513,Sapienza University of Rome,https://ror.org/02be6w209,IT,education
I32597200,Ghent University,https://ror.org/00cv9y106,BE,education
I177477856,Polytechnic University of Turin,https://ror.org/00bgk9508,IT,education
I205783295,Cornell University,https://ror.org/05bnh6r87,US,education
I174878644,University of Patras,https://ror.org/017wvtq80,GR,education
I34771391,University of Cyprus,https://ror.org/02qjrjx09,CY,education
I169521973,University of New Mexico,https://ror.org/05fs6jp91,US,education
I163151358,Cyprus University of Technology,https://ror.org/05qt8tf94,CY,education
I55732556,Arizona State University,https://ror.org/03efmqc40,US,education
I31746571,UNSW Sydney,https://ror.org/03r8z3t63,AU,education
I21370196,Aristotle University of Thessaloniki,https://ror.org/02j61yw88,GR,education
I102134673,Linköping University,https://ror.org/05ynxx418,SE,education
I14243506,Hong Kong Polytechnic University,https://ror.org/0030zas98,CN,education
I162577319,The University of Texas at Dallas,https://ror.org/049emcs32,US,education
I142263535,University of Nottingham,https://ror.org/01ee9ar58,GB,education
I31512782,Technical University of Darmstadt,https://ror.org/05n911h24,DE,education
I18014758,Simon Fraser University,https://ror.org/0213rcc28,CA,education
I2279609970,University of Lille,https://ror.org/02kzqn938,FR,education
I100066346,University of Stuttgart,https://ror.org/04vnq7t77,DE,education
I183067930,Shanghai Jiao Tong University,https://ror.org/0220qvk04,CN,education
I157773358,Sun Yat-sen University,https://ror.org/0064kty71,CN,education
I116953780,Tongji University,https://ror.org/03rc6as71,CN,education
I5023651,McGill University,https://ror.org/01pxwe438,CA,education
I98677209,University of Edinburgh,https://ror.org/01nrxwf90,GB,education
I44461941,University of Houston,https://ror.org/048sx0r50,US,education
I158842170,Chongqing University,https://ror.org/023rhb549,CN,education
I79510175,Cardiff University,https://ror.org/03kk7td41,GB,education
I56590836,Monash University,https://ror.org/02bfwt286,AU,education
I165799507,Rensselaer Polytechnic Institute,https://ror.org/01rtyzb94,US,education
I52357470,The Ohio State University,https://ror.org/00rs6vg23,US,education
I84884186,Newcastle University,https://ror.org/01kj2bm70,GB,education
I185261750,University of Toronto,https://ror.org/03dbr7087,CA,education
I150468666,Emory University,https://ror.org/03czfpz43,US,education
I157492648,Autonomous University of Queretaro,https://ror.org/00v8fdc16,MX,education
I76130692,Zhejiang University,https://ror.org/00a2xv884,CN,education
I40120149,University of Oxford,https://ror.org/052gg0110,GB,education
I13469542,Vrije Universiteit Brussel,https://ror.org/006e5kg04,BE,education
I1174212,University of Southern California,https://ror.org/03taz7m60,US,education
I79619799,University of Birmingham,https://ror.org/03angcq70,GB,education
I76569877,Southeast University,https://ror.org/04ct4d772,CN,education
I20231570,Peking University,https://ror.org/02v51f717,CN,education
I921990950,University of Colorado Denver,https://ror.org/02hh7en24,US,education
I91136226,University of Sheffield,https://ror.org/05krs5044,GB,education
I82880672,Beihang University,https://ror.org/00wk2mp56,CN,education
I91277730,Maulana Azad National Institute of Technology,https://ror.org/026vtd268,IN,education
I36399199,Nanjing University of Science and Technology,https://ror.org/00xp9wg62,CN,education
I114027177,University of North Carolina at Chapel Hill,https://ror.org/0130frc33,US,education
I47508984,Imperial College London,https://ror.org/041kmwe10,GB,education
I99464096,KU Leuven,https://ror.org/05f950310,BE,education
I4210087915,Massachusetts General Hospital,https://ror.org/002pd6e78,US,healthcare
I133837150,University of Huddersfield,https://ror.org/05t1h8f27,GB,education
I54459138,University of Salford,https://ror.org/01tmqtf75,GB,education
I86519309,The University of Texas at Austin,https://ror.org/00hj54h04,US,education
I80281795,University of Otago,https://ror.org/01jmxt844,NZ,education
I95674353,Université Catholique de Louvain,https://ror.org/02495e989,BE,education
I165932596,National University of Singapore,https://ror.org/01tgyzw49,SG,education
I114017466,University of Technology Sydney,https://ror.org/03f0f6041,AU,education
I203172682,Northern Arizona University,https://ror.org/0272j5188,US,education
