id,label
A5009027337,artificial intelligence
A5062653961,artificial intelligence
A5041522926,artificial intelligence
A5016137188,artificial intelligence
A5011551728,machine learning
A5080187476,artificial intelligence
A5046073654,artificial intelligence
A5075877563,artificial intelligence
A5078861665,artificial intelligence
A5071512605,artificial intelligence
A5011101896,artificial intelligence
A5077030086,artificial intelligence
A5055416007,artificial intelligence
A5080395937,artificial intelligence
A5037058917,artificial intelligence
A5038863076,speech recognition
A5079529381,speech recognition
A5057548987,natural language processing
A5080963527,artificial intelligence
A5052561466,artificial intelligence
A5085640653,artificial intelligence
A5029344996,artificial intelligence
A5083090794,artificial intelligence
A5028329886,artificial intelligence
A5076724368,artificial intelligence
A5078098511,machine learning
A5000893315,artificial intelligence
A5033473979,natural language processing
A5019041750,artificial intelligence
A5060859546,artificial intelligence
A5018293076,artificial intelligence
A5047233371,artificial intelligence
A5044531901,computer network
A5062331827,artificial intelligence
A5023659945,artificial intelligence
A5053290697,artificial intelligence
A5077250049,artificial intelligence
A5034416673,operating system
A5017736224,computer network
A5012747021,machine learning
A5078747466,machine learning
A5030516767,machine learning
A5003799782,artificial intelligence
A5069702292,artificial intelligence
A5025681351,artificial intelligence
A5054776685,artificial intelligence
A5048650003,artificial intelligence
A5040156274,artificial intelligence
A5037201286,artificial intelligence
A5010812344,computer security
A5061846947,natural language processing
A5024058808,artificial intelligence
A5027629530,artificial intelligence
A5007287967,artificial intelligence
A5085239243,machine learning
A5015751405,artificial intelligence
A5039480864,artificial intelligence
A5006360335,artificial intelligence
A5011307781,machine learning
A5082293980,artificial intelligence
A5049829177,artificial intelligence
A5013198945,artificial intelligence
A5068059152,artificial intelligence
A5087542455,artificial intelligence
A5076158905,machine learning
A5077116838,artificial intelligence
A5087818529,artificial intelligence
A5085872076,artificial intelligence
A5082471864,operating system
A5090193930,world wide web
A5090038927,machine learning
A5040745708,machine learning
A5082997975,artificial intelligence
A5030647281,artificial intelligence
A5059489981,artificial intelligence
A5007171832,artificial intelligence
A5062878408,artificial intelligence
A5004458037,operating system
A5087769508,artificial intelligence
A5047360962,artificial intelligence
A5034939930,artificial intelligence
A5079988916,artificial intelligence
A5082942970,operating system
A5083429200,artificial intelligence
A5059555462,artificial intelligence
A5080317853,artificial intelligence
A5033495329,artificial intelligence
A5021609168,artificial intelligence
A5049986671,machine learning
A5051056050,machine learning
A5081402157,programming language
A5032379766,artificial intelligence
A5082955124,artificial intelligence
A5006624933,artificial intelligence
A5056373616,machine learning
A5047065550,artificial intelligence
A5061275811,artificial intelligence
A5052442286,artificial intelligence
A5029702945,programming language
A5074444599,artificial intelligence
A5029754134,artificial intelligence
A5070660412,artificial intelligence
A5009692837,artificial intelligence
A5066130528,artificial intelligence
A5024892806,artificial intelligence
A5048991827,artificial intelligence
A5037617317,artificial intelligence
A5091610469,artificial intelligence
A5055158724,machine learning
A5081632776,machine learning
A5090320352,artificial intelligence
A5012275958,artificial intelligence
A5041121124,artificial intelligence
A5003215313,operating system
A5061267204,operating system
A5034724154,operating system
A5074225230,artificial intelligence
A5042555123,artificial intelligence
A5015092805,information retrieval
A5060472097,artificial intelligence
A5043134791,world wide web
A5033887174,artificial intelligence
A5005228053,operating system
A5024581998,artificial intelligence
A5047924976,artificial intelligence
A5017848668,artificial intelligence
A5062737501,artificial intelligence
A5078316510,artificial intelligence
A5018655950,artificial intelligence
A5007347603,artificial intelligence
A5044244385,artificial intelligence
A5057625030,artificial intelligence
A5016219113,artificial intelligence
A5032201822,artificial intelligence
A5016547705,artificial intelligence
A5040001106,artificial intelligence
A5029550725,artificial intelligence
A5086445784,artificial intelligence
A5025354167,artificial intelligence
A5020217603,artificial intelligence
A5006439005,computer security
A5010221865,artificial intelligence
A5033228504,computer vision
A5081361766,machine learning
A5004783243,artificial intelligence
A5023138124,artificial intelligence
A5009085292,artificial intelligence
A5049606008,artificial intelligence
A5019610791,artificial intelligence
A5029760958,artificial intelligence
A5049395796,world wide web
A5058237044,data science
A5045015100,artificial intelligence
A5059063960,knowledge management
A5033389701,machine learning
A5030306558,artificial intelligence
A5054833334,artificial intelligence
A5001888939,operating system
A5017874234,machine learning
A5085542421,artificial intelligence
A5068576662,artificial intelligence
A5024400994,artificial intelligence
A5059934493,operating system
A5065664393,artificial intelligence
A5000179526,artificial intelligence
A5041348809,artificial intelligence
A5022850081,computer network
A5065352983,artificial intelligence
A5038514283,artificial intelligence
A5021226854,artificial intelligence
A5027063601,artificial intelligence
A5043151017,operating system
A5024620954,programming language
A5082006408,operating system
A5081095676,knowledge management
A5062101791,artificial intelligence
A5044370037,artificial intelligence
A5039774878,operating system
A5077282492,artificial intelligence
A5035387756,machine learning
A5042652099,artificial intelligence
A5067655368,artificial intelligence
A5060599622,artificial intelligence
A5053584642,artificial intelligence
A5035513985,artificial intelligence
A5065265823,computer security
A5049580392,artificial intelligence
A5044678024,artificial intelligence
A5031749850,artificial intelligence
A5065322269,programming language
A5048581675,artificial intelligence
A5016904175,multimedia
A5021317942,artificial intelligence
A5034269796,artificial intelligence
A5087675371,artificial intelligence
A5086909487,artificial intelligence
A5084592859,artificial intelligence
A5034635089,artificial intelligence
A5057437879,artificial intelligence
A5022658803,artificial intelligence
A5025918292,theoretical computer science
A5056654254,operating system
A5012293028,computer security
A5040772796,computer security
A5045680211,machine learning
A5014114139,artificial intelligence
A5072360498,operating system
A5047552450,artificial intelligence
A5057357799,artificial intelligence
A5026459143,artificial intelligence
A5045155917,artificial intelligence
A5055769904,artificial intelligence
A5068645158,operating system
A5080409343,operating system
A5053424176,machine learning
A5081393897,artificial intelligence
A5036019279,artificial intelligence
A5045048407,artificial intelligence
A5018873219,programming language
A5069559168,artificial intelligence
A5047517734,artificial intelligence
A5008743721,artificial intelligence
A5072743620,multimedia
A5037306695,programming language
A5074875493,programming language
A5042248436,artificial intelligence
A5032706099,artificial intelligence
A5012986483,artificial intelligence
A5026512168,artificial intelligence
A5048831506,natural language processing
A5043102587,artificial intelligence
A5088285339,artificial intelligence
A5001768471,artificial intelligence
A5009338966,artificial intelligence
A5010390337,artificial intelligence
A5043744703,artificial intelligence
A5059883724,operating system
A5071890338,artificial intelligence
A5005977240,artificial intelligence
A5036701781,artificial intelligence
A5057467969,artificial intelligence
A5074371899,artificial intelligence
A5014105098,artificial intelligence
A5032467032,world wide web
A5042624882,artificial intelligence
A5044316613,artificial intelligence
A5013247320,world wide web
A5019170728,artificial intelligence
A5071691539,artificial intelligence
A5076621570,artificial intelligence
A5014815513,artificial intelligence
A5053176440,artificial intelligence
A5068858971,artificial intelligence
A5014869503,artificial intelligence
A5084038126,artificial intelligence
A5035540038,artificial intelligence
A5063978613,artificial intelligence
A5008154038,artificial intelligence
A5023652725,artificial intelligence
A5043355456,artificial intelligence
A5036108068,artificial intelligence
A5051231020,operating system
A5072025025,artificial intelligence
A5085942072,artificial intelligence
A5051056050,machine learning
A5017983243,artificial intelligence
A5026685411,artificial intelligence
A5047988825,artificial intelligence
A5056543056,artificial intelligence
A5076985479,artificial intelligence
A5053228252,world wide web
A5049695343,programming language
A5032811590,artificial intelligence
A5042257441,artificial intelligence
A5047333458,operating system
A5090537015,artificial intelligence
A5028102780,programming language
A5060169206,artificial intelligence
A5065624271,artificial intelligence
A5040345337,artificial intelligence
A5006525541,artificial intelligence
A5034301301,artificial intelligence
A5031798370,artificial intelligence
A5058396473,artificial intelligence
A5087074070,computer vision
A5023590573,computer vision
A5069092168,world wide web
A5051179351,artificial intelligence
A5050428872,artificial intelligence
A5060087908,artificial intelligence
A5056590783,artificial intelligence
A5057616298,operating system
A5001124548,artificial intelligence
A5006946871,data science
A5019539533,artificial intelligence
A5058475600,machine learning
A5031115969,artificial intelligence
A5039368667,programming language
A5004349915,artificial intelligence
A5069779574,artificial intelligence
A5020893740,artificial intelligence
A5018809288,artificial intelligence
A5067976836,operating system
A5019559482,artificial intelligence
A5020679005,artificial intelligence
A5029695395,artificial intelligence
A5033366097,artificial intelligence
A5039262873,artificial intelligence
A5004565086,artificial intelligence
A5028234987,artificial intelligence
A5020601958,artificial intelligence
A5023857090,programming language
A5049128033,artificial intelligence
A5090303125,operating system
A5042948419,artificial intelligence
A5078385889,artificial intelligence
A5048088901,artificial intelligence
A5018663904,database
A5051768618,natural language processing
A5070039497,artificial intelligence
A5005278470,artificial intelligence
A5008896099,artificial intelligence
A5091286205,operating system
A5076843626,artificial intelligence
A5062121176,artificial intelligence
A5020822497,artificial intelligence
A5024708104,artificial intelligence
A5036734067,natural language processing
A5085356362,artificial intelligence
A5085675866,programming language
A5084307280,programming language
A5072702926,artificial intelligence
A5029376687,computer vision
A5044339031,operating system
A5054273103,artificial intelligence
A5042263160,artificial intelligence
A5019027909,artificial intelligence
A5012552426,artificial intelligence
A5056408999,artificial intelligence
A5035065085,artificial intelligence
A5049723273,machine learning
A5077483649,artificial intelligence
A5089489798,machine learning
A5088651272,artificial intelligence
A5077484084,artificial intelligence
A5083458987,artificial intelligence
A5000613715,artificial intelligence
A5056120976,artificial intelligence
A5031109686,machine learning
A5067248258,artificial intelligence
A5063976769,artificial intelligence
A5085878186,world wide web
A5084420184,artificial intelligence
A5029912524,artificial intelligence
A5058427055,artificial intelligence
A5072471679,artificial intelligence
A5061041118,operating system
A5051776087,operating system
A5015773823,data science
A5056461537,knowledge management
A5084685127,operating system
A5076404172,artificial intelligence
A5056651394,artificial intelligence
A5024687679,machine learning
A5044083224,machine learning
A5012870568,artificial intelligence
A5086191134,machine learning
A5082651558,machine learning
A5086827948,artificial intelligence
A5054617261,machine learning
A5066559252,machine learning
A5062028365,machine learning
A5015790850,machine learning
A5058251552,world wide web
A5005081662,artificial intelligence
A5015300704,artificial intelligence
A5067697464,artificial intelligence
A5025382997,artificial intelligence
A5088669857,computer security
A5059860876,operating system
A5086084081,operating system
A5046458978,operating system
A5046472188,artificial intelligence
A5054581392,machine learning
A5036184500,machine learning
A5034214693,machine learning
A5018251081,natural language processing
A5031951532,artificial intelligence
A5031928873,computer network
A5056256429,world wide web
A5015670881,artificial intelligence
A5053767623,world wide web
A5080440807,artificial intelligence
A5027965041,artificial intelligence
A5002716826,operating system
A5006954248,artificial intelligence
A5071394525,artificial intelligence
A5052092144,artificial intelligence
A5023092960,artificial intelligence
A5069927794,artificial intelligence
A5043258522,artificial intelligence
A5030773387,operating system
A5018252940,artificial intelligence
A5046897413,artificial intelligence
A5055099598,artificial intelligence
A5045596261,artificial intelligence
A5081283168,artificial intelligence
A5026139242,artificial intelligence
A5036763862,artificial intelligence
A5085500003,artificial intelligence
A5085060529,artificial intelligence
A5026453313,artificial intelligence
A5006390574,artificial intelligence
A5073358375,artificial intelligence
A5000856953,artificial intelligence
A5038229891,artificial intelligence
A5076344816,artificial intelligence
A5019637921,artificial intelligence
A5023801168,computer network
A5091782158,artificial intelligence
A5061607174,artificial intelligence
A5063307080,artificial intelligence
A5068270822,artificial intelligence
A5065889617,artificial intelligence
A5072126002,artificial intelligence
A5046925202,artificial intelligence
A5029042665,artificial intelligence
A5003500454,artificial intelligence
A5019730263,artificial intelligence
A5085147057,artificial intelligence
A5069567599,machine learning
A5017782005,artificial intelligence
A5063239904,artificial intelligence
A5067681613,artificial intelligence
A5041232755,artificial intelligence
A5041330697,artificial intelligence
A5049560739,artificial intelligence
A5007202295,artificial intelligence
A5080014014,artificial intelligence
A5074109337,artificial intelligence
A5017137055,operating system
A5017343541,artificial intelligence
A5079529855,database
A5065231128,data mining
A5059638694,artificial intelligence
A5045182133,artificial intelligence
A5014530665,artificial intelligence
A5078219606,artificial intelligence
A5074458048,artificial intelligence
A5058277339,artificial intelligence
A5048979986,artificial intelligence
A5017283339,artificial intelligence
A5079087277,artificial intelligence
A5057426644,artificial intelligence
A5006670993,programming language
A5067908150,artificial intelligence
A5026457502,artificial intelligence
A5083251527,machine learning
A5000501516,machine learning
A5010839506,artificial intelligence
A5029764293,artificial intelligence
A5026886803,artificial intelligence
A5078150831,artificial intelligence
A5044987382,artificial intelligence
A5038329998,artificial intelligence
A5056442083,operating system
A5087906790,artificial intelligence
A5077476379,artificial intelligence
A5003462506,artificial intelligence
A5059268103,programming language
A5000146915,natural language processing
A5005538846,artificial intelligence
A5042993096,machine learning
A5086573997,artificial intelligence
A5079171037,artificial intelligence
A5056933813,database
A5023856398,artificial intelligence
A5088547215,operating system
A5065632775,world wide web
A5022084655,knowledge management
A5067987203,artificial intelligence
A5078562089,artificial intelligence
A5058100326,artificial intelligence
A5062887905,programming language
A5064222974,artificial intelligence
A5018937644,programming language
A5080738380,artificial intelligence
A5042785517,artificial intelligence
A5015789964,operating system
A5051940611,operating system
A5047382437,operating system
A5082832007,artificial intelligence
A5047725314,operating system
A5073341075,artificial intelligence
A5025936585,artificial intelligence
A5027196976,artificial intelligence
A5056262479,artificial intelligence
A5007029060,artificial intelligence
A5084679040,artificial intelligence
A5034823602,world wide web
A5005746244,natural language processing
A5014139163,natural language processing
A5053661846,artificial intelligence
A5049007276,artificial intelligence
A5019430505,data mining
A5083098479,artificial intelligence
A5047094005,information retrieval
A5026967874,artificial intelligence
A5072081755,machine learning
A5018996307,machine learning
A5077686048,knowledge management
A5088213581,artificial intelligence
A5080163927,artificial intelligence
A5005966400,artificial intelligence
A5041921907,artificial intelligence
A5043324448,artificial intelligence
A5016638899,artificial intelligence
A5016716343,operating system
A5008548871,artificial intelligence
A5053758831,artificial intelligence
A5081866316,theoretical computer science
A5076436751,artificial intelligence
A5033697308,operating system
A5012433970,artificial intelligence
A5015749813,artificial intelligence
A5065588377,artificial intelligence
A5088389954,artificial intelligence
A5039819154,artificial intelligence
A5034510270,operating system
A5051716064,artificial intelligence
A5086489846,artificial intelligence
A5032024596,artificial intelligence
A5024100585,artificial intelligence
A5039422179,artificial intelligence
A5056363180,artificial intelligence
A5000541179,artificial intelligence
A5059728494,artificial intelligence
A5023502749,artificial intelligence
A5016877609,artificial intelligence
A5027164381,artificial intelligence
A5016488397,artificial intelligence
A5070659482,artificial intelligence
A5045725228,artificial intelligence
A5057307339,artificial intelligence
A5061644462,natural language processing
A5058506046,artificial intelligence
A5057237492,artificial intelligence
A5037963323,machine learning
A5014077486,operating system
A5053561890,artificial intelligence
A5033055511,artificial intelligence
A5040242807,artificial intelligence
A5031750354,operating system
A5033056152,operating system
A5072667046,artificial intelligence
A5043446520,artificial intelligence
A5031351256,artificial intelligence
A5024574294,artificial intelligence
A5062152363,artificial intelligence
A5040975720,artificial intelligence
A5010635210,artificial intelligence
A5065833288,world wide web
A5021827617,artificial intelligence
A5042600463,machine learning
A5018330320,artificial intelligence
A5037094535,artificial intelligence
A5012644755,artificial intelligence
A5018655903,artificial intelligence
A5046605612,artificial intelligence
A5046685617,artificial intelligence
A5063550211,artificial intelligence
A5017945055,artificial intelligence
A5071297288,artificial intelligence
A5074177185,operating system
A5016258301,artificial intelligence
A5058073627,artificial intelligence
A5060530625,artificial intelligence
A5008782769,artificial intelligence
A5075030504,machine learning
A5030966496,computer security
A5068846810,artificial intelligence
A5068150910,artificial intelligence
A5006722575,artificial intelligence
A5091390489,artificial intelligence
A5079216025,operating system
A5091261479,natural language processing
A5049172904,artificial intelligence
A5090006996,artificial intelligence
A5087687861,artificial intelligence
A5026809096,machine learning
A5026917521,machine learning
A5082410723,artificial intelligence
A5016873408,machine learning
A5014292602,artificial intelligence
A5078128767,artificial intelligence
A5069979525,speech recognition
A5076003648,artificial intelligence
A5072971494,artificial intelligence
A5062878995,artificial intelligence
A5025628772,operating system
A5038764657,programming language
A5011294245,artificial intelligence
A5052565793,artificial intelligence
A5057153302,artificial intelligence
A5057317213,artificial intelligence
A5091600758,operating system
A5072037711,artificial intelligence
A5077478338,artificial intelligence
A5024216819,artificial intelligence
A5082675058,artificial intelligence
A5051746616,programming language
A5039793075,artificial intelligence
A5055803695,artificial intelligence
A5062022811,operating system
A5045494565,artificial intelligence
A5045902910,operating system
A5047073449,artificial intelligence
A5076652737,operating system
A5091692107,operating system
A5041591589,computer security
A5028502996,artificial intelligence
A5081622450,artificial intelligence
A5014168997,artificial intelligence
A5040319974,programming language
A5022872779,artificial intelligence
A5002007044,artificial intelligence
A5018692762,theoretical computer science
A5021257434,artificial intelligence
A5041005595,artificial intelligence
A5018683464,artificial intelligence
A5035300094,artificial intelligence
A5028058474,data science
A5081925956,information retrieval
A5065415596,programming language
A5041558658,data science
A5083548267,operating system
A5047477249,artificial intelligence
A5075834747,artificial intelligence
A5027099057,artificial intelligence
A5062027666,programming language
A5015951381,artificial intelligence
A5052673631,artificial intelligence
A5023911324,artificial intelligence
A5041404935,artificial intelligence
A5072158867,artificial intelligence
A5005573784,artificial intelligence
A5055912992,artificial intelligence
A5000650768,operating system
A5078402038,knowledge management
A5001230626,artificial intelligence
A5088924057,artificial intelligence
A5037434991,world wide web
A5010049388,artificial intelligence
A5000375474,artificial intelligence
A5006971161,artificial intelligence
A5084618257,artificial intelligence
A5084642830,information retrieval
A5016664855,artificial intelligence
A5009898523,artificial intelligence
A5088621320,artificial intelligence
A5022272025,artificial intelligence
A5010392760,theoretical computer science
A5026420819,artificial intelligence
A5002916410,natural language processing
A5088920522,artificial intelligence
A5028349208,artificial intelligence
A5017843837,operating system
A5069872217,operating system
A5066945625,machine learning
A5069735734,artificial intelligence
A5010862066,artificial intelligence
A5067720228,operating system
A5060472679,artificial intelligence
A5024859511,artificial intelligence
A5085829506,artificial intelligence
A5076151866,artificial intelligence
A5027199963,artificial intelligence
A5090746453,artificial intelligence
A5089279747,machine learning
A5000771933,artificial intelligence
A5044763753,data science
A5090099811,computer vision
A5082061559,artificial intelligence
A5010729247,world wide web
A5020629788,artificial intelligence
A5087686407,machine learning
A5073574105,programming language
A5066182543,programming language
A5002602198,operating system
A5044729293,operating system
A5071101575,artificial intelligence
A5044459572,knowledge management
A5091465977,artificial intelligence
A5040883108,artificial intelligence
A5033023363,artificial intelligence
A5087322718,computer vision
A5057936560,artificial intelligence
A5038188807,artificial intelligence
A5022116921,information retrieval
A5031389318,artificial intelligence
A5067023473,artificial intelligence
A5063969623,computer network
A5029477698,database
A5016864296,programming language
A5000852304,programming language
A5036129923,operating system
A5058536471,operating system
A5035018687,artificial intelligence
A5035179935,database
A5016532646,operating system
A5038692973,computer security
A5091716507,artificial intelligence
A5004152951,artificial intelligence
A5059479627,artificial intelligence
A5013096348,artificial intelligence
A5014294345,operating system
A5020552563,computer network
A5003949731,operating system
A5005513118,artificial intelligence
A5060263666,artificial intelligence
A5082645155,world wide web
A5073251858,information retrieval
A5040322057,artificial intelligence
A5087133067,operating system
A5011679366,artificial intelligence
A5011290404,programming language
A5026577518,programming language
A5077028946,programming language
A5034899973,artificial intelligence
A5025079893,artificial intelligence
A5048466461,artificial intelligence
A5031933061,natural language processing
A5083781406,artificial intelligence
A5067968369,natural language processing
A5005053622,natural language processing
A5009288293,computer vision
A5087478287,knowledge management
A5049180880,artificial intelligence
A5019417534,world wide web
A5080779586,artificial intelligence
A5015057910,artificial intelligence
A5084465266,natural language processing
A5028356071,artificial intelligence
A5091802290,artificial intelligence
A5079704928,artificial intelligence
A5022325942,computer network
A5055174523,artificial intelligence
A5016921493,artificial intelligence
A5022741687,computer security
A5023170439,operating system
A5072386175,computer security
A5039742693,artificial intelligence
A5013570618,artificial intelligence
A5028090675,artificial intelligence
A5081768084,artificial intelligence
A5065656568,artificial intelligence
A5077830722,operating system
A5013150811,artificial intelligence
A5009876345,artificial intelligence
A5022165444,artificial intelligence
A5016766272,computer security
A5008866731,operating system
A5003504954,artificial intelligence
A5018395060,artificial intelligence
A5069783522,computer vision
A5029410939,artificial intelligence
A5061459557,data mining
A5055592276,speech recognition
A5068736638,programming language
A5043213265,artificial intelligence
A5013091675,artificial intelligence
A5060655916,artificial intelligence
A5034694502,machine learning
A5056408977,artificial intelligence
A5001811303,artificial intelligence
A5061465385,artificial intelligence
A5003591216,artificial intelligence
A5068138818,artificial intelligence
A5085476945,programming language
A5054535002,programming language
A5053411141,artificial intelligence
A5054281917,artificial intelligence
A5089327837,computer security
A5081293402,artificial intelligence
A5003964226,machine learning
A5009761615,operating system
A5017722831,artificial intelligence
A5010413902,artificial intelligence
A5027535593,operating system
A5047066399,artificial intelligence
A5018879643,machine learning
A5031097117,artificial intelligence
A5009067263,artificial intelligence
A5045866272,artificial intelligence
A5021140075,artificial intelligence
A5011316386,artificial intelligence
A5022682874,machine learning
A5077044361,artificial intelligence
A5076212960,artificial intelligence
A5065232917,artificial intelligence
A5060749995,operating system
A5055750045,information retrieval
A5031703549,artificial intelligence
A5074885512,operating system
A5054581568,artificial intelligence
A5018943364,operating system
A5053663591,artificial intelligence
A5046986953,operating system
A5085895427,operating system
A5047952246,computer security
A5084650151,computer security
A5068442192,artificial intelligence
A5020501741,artificial intelligence
A5079803939,artificial intelligence
A5023608941,artificial intelligence
A5009893159,artificial intelligence
A5041848845,artificial intelligence
A5050355323,artificial intelligence
A5002292445,artificial intelligence
A5065486002,artificial intelligence
A5058031822,artificial intelligence
A5054215892,world wide web
A5025683970,artificial intelligence
A5021334072,knowledge management
A5007563451,machine learning
A5078605314,world wide web
A5013703767,artificial intelligence
A5079799336,machine learning
A5082873987,machine learning
A5074228054,operating system
A5056876263,operating system
A5048077935,artificial intelligence
A5031408885,artificial intelligence
A5053277804,artificial intelligence
A5041167419,computer security
A5061424566,operating system
A5045775296,operating system
A5030136982,artificial intelligence
A5033237650,artificial intelligence
A5008860590,data science
A5036579066,artificial intelligence
A5049560932,machine learning
A5001927336,machine learning
A5083651694,natural language processing
A5040955964,machine learning
A5057179211,operating system
A5051765050,operating system
A5047832617,artificial intelligence
A5082453354,computer network
A5077255113,computer network
A5056231386,computer network
A5008712913,artificial intelligence
A5074780573,artificial intelligence
A5036945704,operating system
A5003198124,artificial intelligence
A5020532590,artificial intelligence
A5064539864,computer network
A5062027901,artificial intelligence
A5073995416,artificial intelligence
A5027554548,artificial intelligence
A5086156136,artificial intelligence
A5022700946,artificial intelligence
A5068608168,operating system
A5063653804,artificial intelligence
A5014135168,data mining
A5006381876,artificial intelligence
A5069173618,artificial intelligence
A5019300933,artificial intelligence
A5036545390,artificial intelligence
A5088760854,artificial intelligence
A5059324426,artificial intelligence
A5038982420,operating system
A5024446363,machine learning
A5001159564,world wide web
A5024118900,world wide web
A5022520168,artificial intelligence
A5039950678,artificial intelligence
A5036423849,artificial intelligence
A5018166832,artificial intelligence
A5066460460,artificial intelligence
A5030687097,artificial intelligence
A5061484138,artificial intelligence
A5021901258,artificial intelligence
A5009883963,artificial intelligence
A5084317819,artificial intelligence
A5030490648,computer vision
A5021116704,artificial intelligence
A5060914065,artificial intelligence
A5049255296,artificial intelligence
A5017778040,computer network
A5057629608,artificial intelligence
A5004473490,artificial intelligence
A5046846553,artificial intelligence
A5089831646,artificial intelligence
A5017473749,artificial intelligence
A5012815272,artificial intelligence
A5047169531,programming language
A5035918089,artificial intelligence
A5006601383,artificial intelligence
A5042590363,artificial intelligence
A5076830956,artificial intelligence
A5011026822,machine learning
A5009521511,data science
A5025967912,artificial intelligence
A5027517556,artificial intelligence
A5051101922,artificial intelligence
A5038138844,artificial intelligence
A5000416781,speech recognition
A5002823670,artificial intelligence
A5034623562,artificial intelligence
A5029681629,artificial intelligence
A5044372686,artificial intelligence
A5001133902,world wide web
A5007945353,operating system
A5085666911,knowledge management
A5047898631,artificial intelligence
A5005325358,artificial intelligence
A5058278042,artificial intelligence
A5019995240,artificial intelligence
A5075100191,operating system
A5057100275,artificial intelligence
A5058355041,artificial intelligence
A5006521642,artificial intelligence
A5043727516,natural language processing
A5015422906,artificial intelligence
A5049220804,artificial intelligence
A5012457596,artificial intelligence
A5024354228,artificial intelligence
A5045684463,programming language
A5090800873,programming language
A5084634158,programming language
A5012973308,programming language
A5040929138,operating system
A5067089203,world wide web
A5080930077,artificial intelligence
A5001138910,artificial intelligence
A5057702802,artificial intelligence
A5002042200,artificial intelligence
A5079607294,knowledge management
A5041155221,world wide web
A5026668094,machine learning
A5019552564,artificial intelligence
A5051313364,artificial intelligence
A5063924205,artificial intelligence
A5041573893,world wide web
A5044450597,machine learning
A5077554980,artificial intelligence
A5055510607,artificial intelligence
A5006705632,data science
A5064365898,artificial intelligence
A5087246144,multimedia
A5051771177,machine learning
A5018586987,operating system
A5077120405,artificial intelligence
A5001662543,natural language processing
A5042927727,artificial intelligence
A5062029765,artificial intelligence
A5056405348,artificial intelligence
A5083182498,artificial intelligence
A5000739686,artificial intelligence
A5026841543,artificial intelligence
A5043891859,artificial intelligence
A5053837522,artificial intelligence
A5009777550,artificial intelligence
A5021051196,artificial intelligence
A5057060376,operating system
A5071843686,operating system
A5065147047,artificial intelligence
A5050580025,computer network
A5017270303,operating system
A5086990384,artificial intelligence
A5013880410,artificial intelligence
A5054129711,artificial intelligence
A5022246915,artificial intelligence
A5037739037,artificial intelligence
A5086242686,artificial intelligence
A5022634842,artificial intelligence
A5004194238,artificial intelligence
A5055843680,artificial intelligence
A5024286222,artificial intelligence
A5027251474,artificial intelligence
A5090716815,artificial intelligence
A5022216164,artificial intelligence
A5074915163,artificial intelligence
A5028760144,artificial intelligence
A5020731627,artificial intelligence
A5036839837,operating system
A5037008295,artificial intelligence
A5025961197,machine learning
A5035339575,machine learning
A5056476924,artificial intelligence
A5009058591,natural language processing
A5027474161,multimedia
A5035687887,artificial intelligence
A5061268084,artificial intelligence
A5059369445,artificial intelligence
A5012825407,artificial intelligence
A5059630076,artificial intelligence
A5048092912,artificial intelligence
A5009432644,artificial intelligence
A5036473094,world wide web
A5051503916,artificial intelligence
A5090876814,artificial intelligence
A5027207271,artificial intelligence
A5044920558,artificial intelligence
A5016605651,operating system
A5049130351,operating system
A5057316552,artificial intelligence
A5011515805,operating system
A5090722031,artificial intelligence
A5046949495,artificial intelligence
A5044234030,artificial intelligence
A5036518567,operating system
A5043516209,world wide web
A5091260522,artificial intelligence
A5062947585,artificial intelligence
A5086095659,artificial intelligence
A5073958329,artificial intelligence
A5001123312,artificial intelligence
A5082003454,natural language processing
A5073896378,artificial intelligence
A5013630781,artificial intelligence
A5004324716,programming language
A5014002036,artificial intelligence
A5091190338,artificial intelligence
A5061145211,artificial intelligence
A5075225700,speech recognition
A5048478950,programming language
A5027908696,database
A5064094191,database
A5008894143,database
A5041808868,artificial intelligence
A5048143999,artificial intelligence
A5067064621,artificial intelligence
A5027809407,artificial intelligence
A5051937346,natural language processing
A5031836934,natural language processing
A5063434364,natural language processing
A5015292011,artificial intelligence
A5030041882,artificial intelligence
A5040918016,programming language
A5075821104,artificial intelligence
A5055532848,data science
A5001906248,artificial intelligence
A5019302005,artificial intelligence
A5052025135,computer network
A5042264974,programming language
A5032018413,computer network
A5026112320,artificial intelligence
A5026978593,machine learning
A5066047328,artificial intelligence
A5075610474,operating system
A5015987262,machine learning
A5046591841,machine learning
A5012967580,operating system
A5067866335,operating system
A5066698936,artificial intelligence
A5014266194,artificial intelligence
A5082094513,artificial intelligence
A5033823653,artificial intelligence
A5030611701,programming language
A5054385647,programming language
A5080476673,artificial intelligence
A5017471254,artificial intelligence
A5031149136,machine learning
A5087624087,machine learning
A5035620121,artificial intelligence
A5052695908,artificial intelligence
A5041327449,artificial intelligence
A5003738785,computer network
A5033810127,computer network
A5083195984,artificial intelligence
A5017271086,operating system
A5020692995,artificial intelligence
A5076156857,artificial intelligence
A5066666034,artificial intelligence
A5003075563,artificial intelligence
A5048295582,artificial intelligence
A5004282593,artificial intelligence
A5040953644,artificial intelligence
A5082706113,artificial intelligence
A5080782923,artificial intelligence
A5076112933,artificial intelligence
A5039977846,artificial intelligence
A5065288245,operating system
A5013641073,operating system
A5038798208,operating system
A5067633889,operating system
A5078043817,artificial intelligence
A5065773428,programming language
A5014556502,database
A5044819146,artificial intelligence
A5002757991,artificial intelligence
A5038352672,artificial intelligence
A5071963371,computer security
A5075369704,artificial intelligence
A5087340443,theoretical computer science
A5055479421,artificial intelligence
A5063669642,artificial intelligence
A5072329977,world wide web
A5057606394,operating system
A5000444860,artificial intelligence
A5084139328,artificial intelligence
A5040595528,operating system
A5020852163,programming language
A5071708239,artificial intelligence
A5074437420,artificial intelligence
A5083806763,artificial intelligence
A5050590358,world wide web
A5043476218,artificial intelligence
A5049335972,knowledge management
A5022186437,programming language
A5010271431,programming language
A5087421133,natural language processing
A5003714897,artificial intelligence
A5026688050,artificial intelligence
A5005647308,world wide web
A5066912391,data science
A5068395409,artificial intelligence
A5007853539,computer network
A5045058203,machine learning
A5013661099,artificial intelligence
A5017670865,operating system
A5078886497,artificial intelligence
A5037839519,database
A5036917415,operating system
A5010033050,operating system
A5069734411,computer network
A5025214219,computer network
A5015126789,artificial intelligence
A5037299085,artificial intelligence
A5053566937,artificial intelligence
A5037873810,artificial intelligence
A5076570969,artificial intelligence
A5048831651,artificial intelligence
A5023471512,artificial intelligence
A5011087889,library science
A5068961635,library science
A5082535573,artificial intelligence
A5043281645,natural language processing
A5046030036,world wide web
A5026822590,artificial intelligence
A5041689611,artificial intelligence
A5080684526,artificial intelligence
A5079680538,artificial intelligence
A5017093934,machine learning
A5015829118,machine learning
A5067568785,artificial intelligence
A5083181106,artificial intelligence
A5052616509,artificial intelligence
A5036652880,artificial intelligence
A5024074640,artificial intelligence
A5077792516,artificial intelligence
A5033880574,operating system
A5036801702,artificial intelligence
A5063573474,artificial intelligence
A5037567495,artificial intelligence
A5088099083,artificial intelligence
A5036197548,multimedia
A5041965663,artificial intelligence
A5039598830,operating system
A5053131261,artificial intelligence
A5061796010,artificial intelligence
A5062718839,artificial intelligence
A5001567075,artificial intelligence
A5056577197,natural language processing
A5068372125,computer security
A5044147747,artificial intelligence
A5032917378,artificial intelligence
A5050376141,machine learning
A5007445956,artificial intelligence
A5064933092,natural language processing
A5033268203,knowledge management
A5051536816,database
A5071046303,artificial intelligence
A5035226116,operating system
A5076270627,artificial intelligence
A5079989614,artificial intelligence
A5077419846,artificial intelligence
A5077365712,artificial intelligence
A5064212484,knowledge management
A5063122221,artificial intelligence
A5049613948,programming language
A5074650679,artificial intelligence
A5066507377,programming language
A5075148100,machine learning
A5039729076,artificial intelligence
A5088975098,artificial intelligence
A5050708144,programming language
A5088852985,artificial intelligence
A5003350311,operating system
A5069103926,machine learning
A5074003372,artificial intelligence
A5048174498,operating system
A5041835689,knowledge management
A5070193779,operating system
A5054768123,machine learning
A5006153938,artificial intelligence
A5064660687,artificial intelligence
A5031738939,artificial intelligence
A5069749526,operating system
A5030384112,data science
A5031389904,machine learning
A5086954366,artificial intelligence
A5041749192,artificial intelligence
A5090458620,operating system
A5003653163,operating system
A5009494414,operating system
A5035240808,artificial intelligence
A5071224481,computer security
A5083055800,data science
A5040083195,artificial intelligence
A5069136207,artificial intelligence
A5012713624,data science
A5019760497,artificial intelligence
A5081293114,machine learning
A5031107463,machine learning
A5042229287,artificial intelligence
A5045125851,computer security
A5063541070,artificial intelligence
A5021152068,machine learning
A5090999346,machine learning
A5025539382,operating system
A5065526646,operating system
A5008757230,artificial intelligence
A5061021614,artificial intelligence
A5062257326,artificial intelligence
A5003538933,artificial intelligence
A5027109602,artificial intelligence
A5089124822,artificial intelligence
A5087554767,data science
A5008156697,artificial intelligence
A5032604295,machine learning
A5057027658,artificial intelligence
A5006012039,artificial intelligence
A5026898193,artificial intelligence
A5051234799,artificial intelligence
A5034333347,knowledge management
A5004149545,world wide web
A5032826979,artificial intelligence
A5032721001,artificial intelligence
A5051324423,artificial intelligence
A5048625402,artificial intelligence
A5086393524,artificial intelligence
A5071164168,artificial intelligence
A5057674986,artificial intelligence
A5056788649,operating system
A5083819794,artificial intelligence
A5075722123,operating system
A5012042542,artificial intelligence
A5027476344,operating system
A5063436957,programming language
A5047273493,knowledge management
A5064136287,operating system
A5000864714,operating system
A5020892291,artificial intelligence
A5018971298,artificial intelligence
A5079139740,artificial intelligence
A5022487957,artificial intelligence
A5074890093,database
A5040125976,database
A5083463175,database
A5042695842,artificial intelligence
A5089555754,artificial intelligence
A5063629828,artificial intelligence
A5083118730,artificial intelligence
A5059112434,artificial intelligence
A5062269201,artificial intelligence
A5073272115,artificial intelligence
A5085518112,artificial intelligence
A5035138204,artificial intelligence
A5063068637,artificial intelligence
A5015763832,artificial intelligence
A5058329639,machine learning
A5015149727,operating system
A5057287057,operating system
A5047580482,artificial intelligence
A5022776935,machine learning
A5005202255,computer vision
A5023994518,machine learning
A5046201566,programming language
A5034485218,artificial intelligence
A5005047027,operating system
A5068346951,machine learning
A5090681993,machine learning
A5055323124,machine learning
A5028024630,machine learning
A5040147339,machine learning
A5084670760,machine learning
A5000776375,machine learning
A5084818253,operating system
A5027904246,computer network
A5016473787,artificial intelligence
A5071666931,artificial intelligence
A5019091012,artificial intelligence
A5027670603,operating system
A5003501582,operating system
A5050839468,artificial intelligence
A5049903676,operating system
A5079137690,operating system
A5068566486,operating system
A5069445340,data science
A5019595376,artificial intelligence
A5055039829,computer network
A5007132213,artificial intelligence
A5065626014,machine learning
A5053028556,artificial intelligence
A5036232472,artificial intelligence
A5063773452,multimedia
A5086819900,artificial intelligence
A5029422826,artificial intelligence
A5088869045,artificial intelligence
A5039595987,data science
A5089752682,knowledge management
A5086312762,machine learning
A5007291319,natural language processing
A5011543481,computer vision
A5070808825,operating system
A5004140863,operating system
A5028461953,operating system
A5055861934,operating system
A5039679803,operating system
A5045286603,operating system
A5019101707,operating system
A5039130801,operating system
A5045360380,knowledge management
A5085223631,data mining
A5089680608,data mining
A5078645183,programming language
A5046662602,artificial intelligence
A5021421170,programming language
A5010960506,programming language
A5021817850,knowledge management
A5075528261,artificial intelligence
A5010469160,artificial intelligence
A5077361232,artificial intelligence
A5078578178,artificial intelligence
A5064089724,artificial intelligence
A5045741591,artificial intelligence
A5030113959,artificial intelligence
A5020559095,artificial intelligence
A5026921184,artificial intelligence
A5036700800,computer vision
A5082302800,artificial intelligence
A5077893195,computer vision
A5014946664,computer vision
A5085055807,programming language
A5023766465,computer vision
A5027322967,artificial intelligence
A5041427711,operating system
A5018957623,artificial intelligence
A5001351035,computer security
A5010377204,machine learning
A5042909710,computer vision
A5026532649,artificial intelligence
A5071688472,artificial intelligence
A5080782512,artificial intelligence
A5024992275,data science
A5074879891,artificial intelligence
A5000740095,artificial intelligence
A5032529996,artificial intelligence
A5014450529,artificial intelligence
A5067973166,data science
A5089392297,artificial intelligence
A5043754328,data science
A5050576327,artificial intelligence
A5074146457,operating system
A5016444176,operating system
A5047555554,operating system
A5081170082,artificial intelligence
A5014734799,machine learning
A5022156967,computer network
A5007525803,multimedia
A5087594003,theoretical computer science
A5002396749,programming language
A5046383149,programming language
A5077394010,artificial intelligence
A5077611663,artificial intelligence
A5029359976,artificial intelligence
A5091736116,artificial intelligence
A5064183268,artificial intelligence
A5065442173,machine learning
A5071596180,artificial intelligence
A5013542168,machine learning
A5033028395,artificial intelligence
A5052955110,artificial intelligence
A5000944051,artificial intelligence
A5019696245,artificial intelligence
A5055548778,artificial intelligence
A5068120408,artificial intelligence
A5051924680,artificial intelligence
A5080365486,artificial intelligence
A5030163875,artificial intelligence
A5084701888,programming language
A5036089178,artificial intelligence
A5004563431,programming language
A5008613359,machine learning
A5083863646,world wide web
A5024489800,world wide web
A5010468557,artificial intelligence
A5042221164,machine learning
A5034842399,artificial intelligence
A5073887573,artificial intelligence
A5067550667,artificial intelligence
A5084809996,artificial intelligence
A5036669743,artificial intelligence
A5018076395,artificial intelligence
A5089637331,operating system
A5063188266,data mining
A5028889632,database
A5084505122,artificial intelligence
A5003045206,artificial intelligence
A5033860263,artificial intelligence
A5062357883,artificial intelligence
A5007913963,artificial intelligence
A5071980659,artificial intelligence
A5057010001,artificial intelligence
A5021600498,artificial intelligence
A5062869881,artificial intelligence
A5045309123,artificial intelligence
A5041931762,artificial intelligence
A5066532337,artificial intelligence
A5082953437,artificial intelligence
A5039228742,machine learning
A5076026731,artificial intelligence
A5016587841,artificial intelligence
A5085767749,multimedia
A5017929974,machine learning
A5001206870,machine learning
A5048605603,computer vision
A5071070980,machine learning
A5022862339,machine learning
A5069247745,computer vision
A5090137275,computer vision
A5019468321,machine learning
A5022265402,artificial intelligence
A5066704457,machine learning
A5031855331,computer vision
A5032389940,artificial intelligence
A5053264318,operating system
A5075687427,operating system
A5029270525,operating system
A5037894047,artificial intelligence
A5083180838,computer network
A5045149962,programming language
A5003618864,artificial intelligence
A5083900534,artificial intelligence
A5002635613,multimedia
A5016503737,artificial intelligence
A5046640187,computer network
A5003606899,artificial intelligence
A5010620729,artificial intelligence
A5083027561,artificial intelligence
A5040790235,machine learning
A5084691261,artificial intelligence
A5069398214,programming language
A5006254105,artificial intelligence
A5076585452,artificial intelligence
A5043399333,artificial intelligence
A5043109193,natural language processing
A5063107369,operating system
A5024725286,operating system
A5063697410,artificial intelligence
A5035132866,operating system
A5082282821,computer security
A5028660204,artificial intelligence
A5061154498,natural language processing
A5025386849,artificial intelligence
A5079164060,artificial intelligence
A5013890492,artificial intelligence
A5089246664,artificial intelligence
A5002069120,operating system
A5073867785,artificial intelligence
A5022127788,artificial intelligence
A5005429407,natural language processing
A5075508307,artificial intelligence
A5051673010,artificial intelligence
A5002826926,natural language processing
A5012073989,operating system
A5067037693,operating system
A5057973989,operating system
A5032693099,natural language processing
A5005115313,machine learning
A5027613903,operating system
A5043271582,operating system
A5011073927,machine learning
A5018416032,operating system
A5083791412,computer hardware
A5068596594,machine learning
A5049828885,artificial intelligence
A5056968684,artificial intelligence
A5007598063,artificial intelligence
A5040315748,computer security
A5064303047,computer security
A5046086085,computer security
A5040536392,computer security
A5054993073,artificial intelligence
A5067669769,artificial intelligence
A5084327762,machine learning
A5067855183,operating system
A5072075918,artificial intelligence
A5019444638,natural language processing
A5020665891,artificial intelligence
A5091837951,artificial intelligence
A5047101376,data science
A5030161137,operating system
A5026075884,operating system
A5020389631,operating system
A5002390103,operating system
A5042176458,machine learning
A5052692275,machine learning
A5007391698,artificial intelligence
A5089339704,artificial intelligence
A5088702266,artificial intelligence
A5045619610,machine learning
A5056447198,artificial intelligence
A5030387333,artificial intelligence
A5008894446,computer network
A5070970628,computer vision
A5033069649,computer vision
A5013729268,computer vision
A5045150454,artificial intelligence
A5020777692,artificial intelligence
A5038954351,operating system
A5003742022,operating system
A5007218954,artificial intelligence
A5026304465,artificial intelligence
A5078515449,operating system
A5018665219,machine learning
A5014495067,artificial intelligence
A5036425641,artificial intelligence
A5008643048,artificial intelligence
A5040511897,knowledge management
A5042660134,artificial intelligence
A5053363401,artificial intelligence
A5053277495,artificial intelligence
A5065444718,artificial intelligence
A5091654294,artificial intelligence
A5014615084,artificial intelligence
A5049724157,artificial intelligence
A5060685870,artificial intelligence
A5030839620,natural language processing
A5041873139,world wide web
A5003582833,world wide web
A5056462970,world wide web
A5076226851,world wide web
A5020871436,world wide web
A5019237984,data science
A5047875943,computer network
A5082377531,world wide web
A5030033846,operating system
A5066777143,artificial intelligence
A5083774363,artificial intelligence
A5082146561,operating system
A5023464500,computer security
A5066196197,operating system
A5075024969,artificial intelligence
A5028886391,artificial intelligence
A5007715386,artificial intelligence
A5036837240,information retrieval
A5080861942,artificial intelligence
A5064003089,artificial intelligence
A5046412779,programming language
A5026392908,machine learning
A5062921390,operating system
A5053607890,artificial intelligence
A5038147203,artificial intelligence
A5072073374,artificial intelligence
A5045485254,knowledge management
A5012760898,artificial intelligence
A5023613747,artificial intelligence
A5001481042,artificial intelligence
A5082785688,artificial intelligence
A5006494280,artificial intelligence
A5000973052,artificial intelligence
A5079655230,artificial intelligence
A5057873556,artificial intelligence
A5046867606,artificial intelligence
A5023371037,artificial intelligence
A5005330674,artificial intelligence
A5075735754,machine learning
A5086997293,machine learning
A5016931951,artificial intelligence
A5063482304,artificial intelligence
A5028109765,machine learning
A5055416505,machine learning
A5014764756,artificial intelligence
A5072981904,artificial intelligence
A5011555391,artificial intelligence
A5080810524,artificial intelligence
A5031407687,artificial intelligence
A5027631931,artificial intelligence
A5048013263,artificial intelligence
A5086344254,computer vision
A5054408070,artificial intelligence
A5068668871,artificial intelligence
A5016391255,operating system
A5027219664,artificial intelligence
A5019785784,information retrieval
A5053614912,world wide web
A5011870640,artificial intelligence
A5057412217,operating system
A5081357662,artificial intelligence
A5006137186,artificial intelligence
A5025595958,machine learning
A5000853761,machine learning
A5082816537,artificial intelligence
A5038856320,data science
A5027706486,artificial intelligence
A5047705300,database
A5035659183,artificial intelligence
A5087195372,artificial intelligence
A5019278525,knowledge management
A5070192843,knowledge management
A5057660212,machine learning
A5068948928,artificial intelligence
A5040031148,artificial intelligence
A5072418254,machine learning
A5040152092,machine learning
A5030230838,machine learning
A5007317378,multimedia
A5084926449,world wide web
A5024593649,data science
A5060571121,operating system
A5037460681,operating system
A5028701519,operating system
A5029903043,operating system
A5057616034,data science
A5051364218,machine learning
A5028032186,information retrieval
A5050653635,artificial intelligence
A5012640032,machine learning
A5053435074,artificial intelligence
A5050517554,world wide web
A5073692932,artificial intelligence
A5023483510,artificial intelligence
A5077296297,operating system
A5045936131,artificial intelligence
A5074421626,machine learning
A5054865971,operating system
A5045678750,data science
A5005275387,data science
A5057091373,machine learning
A5052193615,world wide web
A5079497016,computer security
A5032541561,computer security
A5048475132,programming language
A5084892597,natural language processing
A5014725974,operating system
A5044580462,artificial intelligence
A5043751453,artificial intelligence
A5032903511,artificial intelligence
A5045989238,computer security
A5012073981,computer network
A5076526128,data mining
A5086825429,computer security
A5071786067,computer security
A5088101801,operating system
A5075615461,knowledge management
A5068336507,computer vision
A5085929621,artificial intelligence
A5091716689,world wide web
A5025338734,artificial intelligence
A5074569410,artificial intelligence
A5017996536,computer network
A5085703699,computer network
A5016826957,computer network
A5077469715,natural language processing
A5049739067,operating system
A5005746072,machine learning
A5043351711,artificial intelligence
A5013220803,programming language
A5053443627,artificial intelligence
A5069417134,operating system
A5068084514,machine learning
A5013852620,machine learning
A5042026379,machine learning
A5008534258,operating system
A5084006380,artificial intelligence
A5013959907,artificial intelligence
A5075291247,operating system
A5033831688,artificial intelligence
A5084496542,artificial intelligence
A5080879634,knowledge management
A5038072669,computer security
A5086126438,artificial intelligence
A5031384841,artificial intelligence
A5076145855,operating system
A5056069735,machine learning
A5076802775,operating system
A5027492662,artificial intelligence
A5056857543,computer network
A5069061215,artificial intelligence
A5013562117,artificial intelligence
A5001890911,artificial intelligence
A5078943492,artificial intelligence
A5029817159,artificial intelligence
A5034946913,artificial intelligence
A5048652752,multimedia
A5076081220,operating system
A5066308959,multimedia
A5002181360,machine learning
A5049685890,machine learning
A5064675186,machine learning
A5007219843,artificial intelligence
A5062964343,artificial intelligence
A5058502926,artificial intelligence
A5048799685,machine learning
A5036711977,computer security
A5083073077,computer security
A5083972642,world wide web
A5051841315,programming language
A5001904247,world wide web
A5045539754,machine learning
A5065041240,artificial intelligence
A5000213833,operating system
A5083411027,operating system
A5024147005,artificial intelligence
A5051881082,artificial intelligence
A5080942064,artificial intelligence
A5066553010,artificial intelligence
A5087346682,computer security
A5068036546,artificial intelligence
A5025012064,artificial intelligence
A5027096256,artificial intelligence
A5061962496,artificial intelligence
A5089611920,operating system
A5064932736,artificial intelligence
A5004258547,data science
A5074105304,artificial intelligence
A5025893367,operating system
A5038123863,computer security
A5075213136,operating system
A5055911707,artificial intelligence
A5003345323,artificial intelligence
A5004900600,operating system
A5023024586,artificial intelligence
A5021491737,artificial intelligence
A5036948844,operating system
A5072384540,machine learning
A5020004538,knowledge management
A5025936260,artificial intelligence
A5071151843,machine learning
A5062123270,programming language
A5004304671,artificial intelligence
A5015492417,natural language processing
A5023557010,operating system
A5042265019,artificial intelligence
A5085639025,artificial intelligence
A5018775815,machine learning
A5067859139,knowledge management
A5012577034,artificial intelligence
A5000266315,knowledge management
A5026675493,world wide web
A5046242050,artificial intelligence
A5031232020,natural language processing
A5030691900,data science
A5023041667,operating system
A5029713342,machine learning
A5028012187,artificial intelligence
A5029782664,artificial intelligence
A5091192993,artificial intelligence
A5056969475,artificial intelligence
A5078285907,knowledge management
A5084996392,knowledge management
A5040843496,natural language processing
A5068292674,data mining
A5019928322,artificial intelligence
A5065976753,artificial intelligence
A5045447418,artificial intelligence
A5015104663,computer security
A5058345431,artificial intelligence
A5053042574,artificial intelligence
A5060576521,artificial intelligence
A5085892851,world wide web
A5038843295,programming language
A5068379567,machine learning
A5000889975,artificial intelligence
A5004738943,artificial intelligence
A5024674359,artificial intelligence
A5016807277,artificial intelligence
A5037668386,artificial intelligence
A5033135853,artificial intelligence
A5044949020,artificial intelligence
A5085985351,artificial intelligence
A5003194107,artificial intelligence
A5014269289,artificial intelligence
A5021142526,operating system
A5017194029,multimedia
A5046853042,multimedia
A5036489136,artificial intelligence
A5076067488,artificial intelligence
A5057879702,artificial intelligence
A5036207904,artificial intelligence
A5042396542,computer security
A5034648478,artificial intelligence
A5070914351,artificial intelligence
A5034722698,operating system
A5073440687,artificial intelligence
A5004959524,artificial intelligence
A5070638387,database
A5083931442,data mining
A5056656751,multimedia
A5042922219,computer vision
A5057343466,knowledge management
A5086824133,machine learning
A5075613749,machine learning
A5083701620,artificial intelligence
A5042858264,artificial intelligence
A5019847549,artificial intelligence
A5073609818,artificial intelligence
A5051233479,computer vision
A5047808749,world wide web
A5078261442,artificial intelligence
A5061964344,world wide web
A5017826325,world wide web
A5071205744,multimedia
A5024238107,operating system
A5033317672,artificial intelligence
A5044126194,operating system
A5041008557,artificial intelligence
A5015808667,artificial intelligence
A5019193550,artificial intelligence
A5000548003,artificial intelligence
A5066128814,natural language processing
A5024287646,natural language processing
A5017441027,artificial intelligence
A5030171832,artificial intelligence
A5052433091,computer security
A5086885517,computer vision
A5026023687,artificial intelligence
A5065054480,artificial intelligence
A5003640789,artificial intelligence
A5085487073,artificial intelligence
A5067455060,artificial intelligence
A5018149079,artificial intelligence
A5066741930,operating system
A5044940827,programming language
A5077759476,artificial intelligence
A5033574945,artificial intelligence
A5047453954,artificial intelligence
A5023003852,artificial intelligence
A5055321308,artificial intelligence
A5087860276,operating system
A5035379452,machine learning
A5026049277,machine learning
A5003695482,machine learning
A5024765954,machine learning
A5028672283,machine learning
A5054983918,artificial intelligence
A5076708141,machine learning
A5001476237,programming language
A5081376633,computer vision
A5015491945,computer vision
A5043623018,artificial intelligence
A5057334853,artificial intelligence
A5024798937,artificial intelligence
A5082529712,artificial intelligence
A5020593127,multimedia
A5004097697,multimedia
A5086616018,multimedia
A5038844679,computer network
A5038681599,machine learning
A5007305116,knowledge management
A5078177461,machine learning
A5067596335,machine learning
A5029834670,machine learning
A5058825885,artificial intelligence
A5064147727,machine learning
A5010439218,machine learning
A5072229035,artificial intelligence
A5087689916,artificial intelligence
A5030105562,artificial intelligence
A5073267388,operating system
A5055624670,operating system
A5066618689,artificial intelligence
A5088676572,artificial intelligence
A5064133173,artificial intelligence
A5076011183,computer network
A5039765869,artificial intelligence
A5087249405,data science
A5067108150,artificial intelligence
A5049079274,world wide web
A5014878307,machine learning
A5005107652,computer security
A5060335264,artificial intelligence
A5010332506,data mining
A5042339174,artificial intelligence
A5027992791,world wide web
A5004137872,operating system
A5048986312,operating system
A5024801865,artificial intelligence
A5002402392,artificial intelligence
A5091448222,artificial intelligence
A5038367848,artificial intelligence
A5014547244,operating system
A5002837797,artificial intelligence
A5066945728,natural language processing
A5042138405,artificial intelligence
A5074738130,artificial intelligence
A5022699054,artificial intelligence
A5060498232,artificial intelligence
A5023694897,artificial intelligence
A5000728824,artificial intelligence
A5081570627,operating system
A5088653883,artificial intelligence
A5018995708,computer network
A5087430927,operating system
A5090188734,operating system
A5042534092,data science
A5090982699,artificial intelligence
A5083616737,operating system
A5024342437,artificial intelligence
A5055314785,artificial intelligence
A5047127072,artificial intelligence
A5059691207,artificial intelligence
A5090292269,artificial intelligence
A5047254436,artificial intelligence
A5087094456,database
A5084774674,computer security
A5062540523,artificial intelligence
A5041238460,artificial intelligence
A5032107916,artificial intelligence
A5038826119,artificial intelligence
A5024631382,artificial intelligence
A5047420777,multimedia
A5036524273,multimedia
A5088966490,artificial intelligence
A5082669557,data mining
A5063230215,artificial intelligence
A5077490598,artificial intelligence
A5082039256,artificial intelligence
A5082115266,artificial intelligence
A5065065240,artificial intelligence
A5003303657,data science
A5052123856,artificial intelligence
A5042489127,artificial intelligence
A5032491386,artificial intelligence
A5090201719,machine learning
A5007930079,computer vision
A5080381573,computer security
A5075855253,computer security
A5090586243,artificial intelligence
A5034269497,artificial intelligence
A5019078090,operating system
A5073191855,artificial intelligence
A5022834676,operating system
A5064684454,computer vision
A5060023482,computer vision
A5039127361,multimedia
A5056468952,knowledge management
A5043558632,artificial intelligence
A5002309052,machine learning
A5030612366,artificial intelligence
A5042201239,multimedia
A5053661674,artificial intelligence
A5059847817,theoretical computer science
A5068188588,artificial intelligence
A5067612942,machine learning
A5050821088,machine learning
A5051442365,artificial intelligence
A5013803109,artificial intelligence
A5053071057,artificial intelligence
A5058980577,artificial intelligence
A5039617603,operating system
A5006380995,operating system
A5091633260,artificial intelligence
A5000604608,artificial intelligence
A5053051425,speech recognition
A5039780194,artificial intelligence
A5035957050,artificial intelligence
A5019773814,artificial intelligence
A5009859364,artificial intelligence
A5042816249,artificial intelligence
A5046214289,artificial intelligence
A5077846534,artificial intelligence
A5049159900,artificial intelligence
A5090412543,computer network
A5034892782,artificial intelligence
A5068617396,artificial intelligence
A5066238119,programming language
A5081953839,machine learning
A5010811315,computer vision
A5075949977,artificial intelligence
A5010610487,artificial intelligence
A5025841244,artificial intelligence
A5075933701,artificial intelligence
A5070244456,artificial intelligence
A5039065211,artificial intelligence
A5050326510,artificial intelligence
A5028561811,artificial intelligence
A5042326674,artificial intelligence
A5065850107,artificial intelligence
A5059371010,artificial intelligence
A5088510930,operating system
A5036225419,operating system
A5079355657,artificial intelligence
A5024832363,world wide web
A5072493928,artificial intelligence
A5008340710,artificial intelligence
A5052662749,information retrieval
A5054729123,world wide web
A5055677857,data mining
A5069880128,computer vision
A5088047076,artificial intelligence
A5030817992,artificial intelligence
A5023805978,computer vision
A5090555662,artificial intelligence
A5088407901,artificial intelligence
A5068780431,artificial intelligence
A5077520552,natural language processing
A5037957285,programming language
A5005474942,artificial intelligence
A5050336403,artificial intelligence
A5047518467,operating system
A5079449019,artificial intelligence
A5058052061,machine learning
A5082699990,artificial intelligence
A5017575081,artificial intelligence
A5045000581,artificial intelligence
A5069386414,artificial intelligence
A5040462263,data science
A5010855691,data science
A5054859587,operating system
A5054836329,artificial intelligence
A5037900408,artificial intelligence
A5037246481,computer vision
A5018703681,operating system
A5076006520,artificial intelligence
A5051846412,artificial intelligence
A5011094307,natural language processing
A5089556008,artificial intelligence
A5026142151,artificial intelligence
A5062975207,computer vision
A5032077464,artificial intelligence
A5050640792,machine learning
A5004808296,machine learning
A5080389385,artificial intelligence
A5085649470,artificial intelligence
A5052383402,programming language
A5025576527,artificial intelligence
A5062151596,artificial intelligence
A5091538742,artificial intelligence
A5083894265,internet privacy
A5083081513,machine learning
A5037010091,artificial intelligence
A5001099545,computer vision
A5017113034,computer vision
A5031390248,artificial intelligence
A5038015597,operating system
A5087185493,artificial intelligence
A5071417846,artificial intelligence
A5000254893,artificial intelligence
A5011801603,artificial intelligence
A5051766304,artificial intelligence
A5004065621,artificial intelligence
A5057086797,artificial intelligence
A5019248564,artificial intelligence
A5019184322,speech recognition
A5077746237,artificial intelligence
A5076382765,artificial intelligence
A5015497545,artificial intelligence
A5063048617,programming language
A5031377837,artificial intelligence
A5090575092,artificial intelligence
A5035877653,operating system
A5031346097,operating system
A5070905463,artificial intelligence
A5072959621,artificial intelligence
A5077588011,artificial intelligence
A5024760751,artificial intelligence
A5090154356,artificial intelligence
A5037458035,artificial intelligence
A5081779569,artificial intelligence
A5031573016,artificial intelligence
A5052721526,artificial intelligence
A5051303988,world wide web
A5053162819,artificial intelligence
A5091182561,operating system
A5047075558,operating system
A5070406470,operating system
A5009624220,operating system
A5034827117,artificial intelligence
A5020461757,artificial intelligence
A5057101418,artificial intelligence
A5081354922,artificial intelligence
A5034131266,computer vision
A5072708726,artificial intelligence
A5011486039,artificial intelligence
A5064762981,artificial intelligence
A5017493897,artificial intelligence
A5031579555,artificial intelligence
A5017294637,artificial intelligence
A5020401870,artificial intelligence
A5015471990,artificial intelligence
A5006152862,artificial intelligence
A5047228024,artificial intelligence
A5050260081,world wide web
A5000515802,multimedia
A5085191745,artificial intelligence
A5083288089,world wide web
A5052267235,knowledge management
A5015930960,artificial intelligence
A5037053980,artificial intelligence
A5019377407,computer security
A5086432442,machine learning
A5055629410,artificial intelligence
A5090241572,programming language
A5026768855,operating system
A5066454949,operating system
A5044545271,computer security
A5055324038,artificial intelligence
A5084177841,operating system
A5009651001,artificial intelligence
A5003748925,machine learning
A5016449762,computer network
A5075660600,database
A5026415278,artificial intelligence
A5049294255,artificial intelligence
A5068116911,artificial intelligence
A5011702824,artificial intelligence
A5077852542,artificial intelligence
A5089983776,artificial intelligence
A5049282010,artificial intelligence
A5050070354,machine learning
A5090486134,artificial intelligence
A5018917853,multimedia
A5018149199,multimedia
A5081028407,multimedia
A5016281585,theoretical computer science
A5062176770,theoretical computer science
A5070588350,theoretical computer science
A5014830457,artificial intelligence
A5012705425,artificial intelligence
A5058283283,artificial intelligence
A5031064315,artificial intelligence
A5074541094,artificial intelligence
A5043584224,artificial intelligence
A5037508525,multimedia
A5047358602,artificial intelligence
A5016672798,multimedia
A5087184682,multimedia
A5088749621,artificial intelligence
A5060379654,artificial intelligence
A5020918062,programming language
A5047239833,world wide web
A5075314810,artificial intelligence
A5048849621,data science
A5034070494,artificial intelligence
A5083407220,machine learning
A5064557348,operating system
A5057889507,computer vision
A5032712254,machine learning
A5045300152,computer vision
A5027201561,computer vision
A5069077848,operating system
A5079278513,world wide web
A5045654831,artificial intelligence
A5082707649,artificial intelligence
A5001203232,artificial intelligence
A5064153206,machine learning
A5073167216,machine learning
A5012631104,machine learning
A5068673078,machine learning
A5018413986,operating system
A5049422599,world wide web
A5041183352,programming language
A5047797354,machine learning
A5048928683,operating system
A5061053956,operating system
A5010432181,artificial intelligence
A5022519243,artificial intelligence
A5009247867,computer network
A5040723835,artificial intelligence
A5074798146,operating system
A5038968747,operating system
A5001960236,operating system
A5059613366,machine learning
A5072011650,computer security
A5025093120,artificial intelligence
A5060134873,natural language processing
A5047962284,artificial intelligence
A5002099353,machine learning
A5022725256,machine learning
A5037964126,artificial intelligence
A5020575565,knowledge management
A5088898221,knowledge management
A5027026630,knowledge management
A5051625817,multimedia
A5003130376,multimedia
A5041513099,artificial intelligence
A5037356814,artificial intelligence
A5061118472,artificial intelligence
A5089813194,artificial intelligence
A5051164845,machine learning
A5010516560,machine learning
A5028160887,artificial intelligence
A5087735486,artificial intelligence
A5034411952,artificial intelligence
A5051506747,artificial intelligence
A5054991438,artificial intelligence
A5002054363,artificial intelligence
A5013756042,artificial intelligence
A5051863970,computer network
A5057205660,artificial intelligence
A5052583192,computer network
A5086446639,knowledge management
A5043266258,operating system
A5085688325,artificial intelligence
A5076269668,world wide web
A5088634729,natural language processing
A5008063954,machine learning
A5001872371,operating system
A5040331640,artificial intelligence
A5084575366,artificial intelligence
A5043933501,artificial intelligence
A5084143754,artificial intelligence
A5086420032,computer vision
A5065258916,artificial intelligence
A5072050384,data mining
A5029564431,computer vision
A5000093771,artificial intelligence
A5037844938,machine learning
A5058649592,programming language
A5030914645,artificial intelligence
A5067484163,operating system
A5032291825,artificial intelligence
A5059762554,artificial intelligence
A5069681638,artificial intelligence
A5048887908,artificial intelligence
A5065635061,artificial intelligence
A5077394320,artificial intelligence
A5089916092,artificial intelligence
A5081545838,artificial intelligence
A5057941088,artificial intelligence
A5082743088,machine learning
A5060455995,artificial intelligence
A5051371191,world wide web
A5056514678,machine learning
A5026494217,artificial intelligence
A5040600850,world wide web
A5022792304,world wide web
A5037718363,world wide web
A5085826723,programming language
A5054915025,operating system
A5019247393,operating system
A5088732717,world wide web
A5077033716,artificial intelligence
A5077264814,world wide web
A5048941278,world wide web
A5072246478,world wide web
A5037464371,artificial intelligence
A5083370047,operating system
A5023614722,computer security
A5074990253,artificial intelligence
A5059468677,artificial intelligence
A5076902903,artificial intelligence
A5065995328,artificial intelligence
A5069931149,artificial intelligence
A5066691821,machine learning
A5042676602,artificial intelligence
A5012964117,artificial intelligence
A5068653719,operating system
A5079162388,operating system
A5074415149,operating system
A5077585779,natural language processing
A5000163140,computer vision
A5070022100,machine learning
A5049977483,machine learning
A5080806857,machine learning
A5039152554,artificial intelligence
A5066497689,artificial intelligence
A5035789108,machine learning
A5028837234,machine learning
A5079156442,machine learning
A5065880809,machine learning
A5085720726,artificial intelligence
A5015638101,operating system
A5086227422,artificial intelligence
A5045333916,programming language
A5018879530,operating system
A5090459863,computer security
A5004702639,artificial intelligence
A5080517061,artificial intelligence
A5084517393,natural language processing
A5046388029,machine learning
A5067756783,machine learning
A5049581013,natural language processing
A5076613408,machine learning
A5053595174,artificial intelligence
A5084760044,artificial intelligence
A5012751277,operating system
A5077725307,operating system
A5087789096,computer vision
A5080659456,data science
A5082931010,artificial intelligence
A5079507196,artificial intelligence
A5001841462,artificial intelligence
A5018352050,artificial intelligence
A5049794636,artificial intelligence
A5091153175,artificial intelligence
A5015918473,programming language
A5010686770,knowledge management
A5052854882,machine learning
A5034401995,artificial intelligence
A5088121030,computer network
A5008608844,speech recognition
A5015874846,artificial intelligence
A5017015371,computer security
A5074028047,machine learning
A5026440129,computer security
A5001804445,programming language
A5039395705,artificial intelligence
A5039157343,artificial intelligence
A5005380046,artificial intelligence
A5063257512,artificial intelligence
A5046067887,artificial intelligence
A5062808804,artificial intelligence
A5050155057,artificial intelligence
A5041317031,operating system
A5043525832,artificial intelligence
A5044520390,artificial intelligence
A5022499603,artificial intelligence
A5059682113,artificial intelligence
A5084296958,computer vision
A5051882470,computer security
A5001191095,machine learning
A5080071505,machine learning
A5001891679,operating system
A5081488002,operating system
A5021423259,artificial intelligence
A5038089771,artificial intelligence
A5024937403,artificial intelligence
A5065964368,artificial intelligence
A5026917463,database
A5051735385,artificial intelligence
A5012657126,natural language processing
A5070050188,operating system
A5040649737,artificial intelligence
A5055126024,artificial intelligence
A5006020989,artificial intelligence
A5030303318,computer vision
A5054323140,artificial intelligence
A5039448568,artificial intelligence
A5050472519,artificial intelligence
A5084841425,artificial intelligence
A5044575628,machine learning
A5021189595,programming language
A5028841766,computer vision
A5049442510,operating system
A5059106198,world wide web
A5053529913,machine learning
A5090076949,artificial intelligence
A5021032736,artificial intelligence
A5064558691,natural language processing
A5062603092,artificial intelligence
A5005608617,computer vision
A5063937090,computer vision
A5074043119,knowledge management
A5021318666,artificial intelligence
A5051775576,operating system
A5088421834,operating system
A5074855142,knowledge management
A5015497735,operating system
A5049060207,artificial intelligence
A5040931051,knowledge management
A5014622209,knowledge management
A5064899958,world wide web
A5055825796,knowledge management
A5017063207,knowledge management
A5080506704,knowledge management
A5050250709,knowledge management
A5054482000,artificial intelligence
A5044871979,machine learning
A5014902200,knowledge management
A5045979754,machine learning
A5072730160,computer vision
A5059417499,artificial intelligence
A5045533691,computer vision
A5067904237,artificial intelligence
A5071869723,artificial intelligence
A5071395987,operating system
A5026436576,operating system
A5047751087,artificial intelligence
A5042509798,artificial intelligence
A5003054445,artificial intelligence
A5041126305,artificial intelligence
A5028010633,artificial intelligence
A5032303971,artificial intelligence
A5045451899,artificial intelligence
A5035185207,artificial intelligence
A5068784243,programming language
A5051560432,artificial intelligence
A5054614056,artificial intelligence
A5039639553,artificial intelligence
A5035229829,artificial intelligence
A5007263121,artificial intelligence
A5033957148,artificial intelligence
A5081715462,computer network
A5009164482,operating system
A5088933304,operating system
A5079607689,artificial intelligence
A5085737109,database
A5079997042,machine learning
A5061858830,machine learning
A5074354524,artificial intelligence
A5004949089,data science
A5038303490,programming language
A5022206787,artificial intelligence
A5031376214,operating system
A5035903147,artificial intelligence
A5043293107,artificial intelligence
A5015231342,programming language
A5071072829,artificial intelligence
A5087984117,data mining
A5001987120,operating system
A5056674193,artificial intelligence
A5087403589,artificial intelligence
A5002515415,artificial intelligence
A5013612587,operating system
A5009913466,artificial intelligence
A5004583586,operating system
A5086513981,artificial intelligence
A5051128033,machine learning
A5091077877,machine learning
A5081603363,machine learning
A5061205700,artificial intelligence
A5034869155,artificial intelligence
A5022812128,computer network
A5046460155,operating system
A5049719821,artificial intelligence
A5042022332,machine learning
A5059510718,artificial intelligence
A5026863248,artificial intelligence
A5054223596,artificial intelligence
A5088010561,artificial intelligence
A5010667333,artificial intelligence
A5062640393,artificial intelligence
A5052912495,computer vision
A5074682563,artificial intelligence
A5078015739,artificial intelligence
A5004504401,computer security
A5014071998,machine learning
A5000736647,artificial intelligence
A5013968002,artificial intelligence
A5075202152,artificial intelligence
A5066170610,computer security
A5051655816,operating system
A5014194668,artificial intelligence
A5027144414,artificial intelligence
A5037957162,world wide web
A5086903406,data science
A5020350489,artificial intelligence
A5053418619,artificial intelligence
A5052375313,artificial intelligence
A5000692668,programming language
A5069339219,artificial intelligence
A5061349533,operating system
A5086240513,artificial intelligence
A5013513472,operating system
A5027647989,operating system
A5061987881,artificial intelligence
A5047478391,operating system
A5014071324,artificial intelligence
A5083031501,operating system
A5090754516,operating system
A5081457786,artificial intelligence
A5062817658,artificial intelligence
A5040345611,artificial intelligence
A5001047965,operating system
A5028167332,operating system
A5056183585,artificial intelligence
A5029791462,operating system
A5072097912,artificial intelligence
A5068238263,programming language
A5057812778,artificial intelligence
A5015201403,artificial intelligence
A5078071076,artificial intelligence
A5068929303,knowledge management
A5059350995,operating system
A5028991961,artificial intelligence
A5084818517,operating system
A5052837659,artificial intelligence
A5087451137,artificial intelligence
A5065453511,artificial intelligence
A5061779849,operating system
A5087269965,artificial intelligence
A5057236263,artificial intelligence
A5036723055,artificial intelligence
A5018743213,machine learning
A5012076939,operating system
A5091303548,machine learning
A5052875541,machine learning
A5056113267,artificial intelligence
A5069056960,artificial intelligence
A5034884554,machine learning
A5037033209,artificial intelligence
A5061154684,artificial intelligence
A5031523805,data science
A5043023909,data science
A5057445936,programming language
A5069105726,artificial intelligence
A5085820919,machine learning
A5046231667,artificial intelligence
A5021885964,computer vision
A5001957639,multimedia
A5051424553,artificial intelligence
A5021703530,artificial intelligence
A5017690308,artificial intelligence
A5004443239,artificial intelligence
A5047433672,multimedia
A5018219517,multimedia
A5083242778,multimedia
A5056451895,multimedia
A5072549677,multimedia
A5019789453,artificial intelligence
A5052247363,artificial intelligence
A5053321509,programming language
A5006601026,machine learning
A5089287019,artificial intelligence
A5080150914,machine learning
A5080947740,artificial intelligence
A5011159213,artificial intelligence
A5088828226,computer vision
A5069028014,programming language
A5016500348,operating system
A5082375850,multimedia
A5037296331,artificial intelligence
A5015429557,artificial intelligence
A5091190256,artificial intelligence
A5056246386,artificial intelligence
A5006970579,artificial intelligence
A5012064590,artificial intelligence
A5002598775,artificial intelligence
A5008319000,artificial intelligence
A5086566321,artificial intelligence
A5074382075,computer network
A5016533450,data science
A5004020952,data science
A5016317854,artificial intelligence
A5039218382,operating system
A5002326217,artificial intelligence
A5013510638,artificial intelligence
A5025174829,computer vision
A5050700493,computer vision
A5061986328,multimedia
A5073056629,multimedia
A5021670753,multimedia
A5080596920,operating system
A5055895817,artificial intelligence
A5008616263,operating system
A5074242042,multimedia
A5091103447,artificial intelligence
A5077604183,artificial intelligence
A5006902577,natural language processing
A5018540993,world wide web
A5005506314,internet privacy
A5000717022,artificial intelligence
A5042249115,operating system
A5045152457,multimedia
A5080090313,multimedia
A5031226789,multimedia
A5004135810,multimedia
A5071169193,computer security
A5068558409,multimedia
A5042283840,multimedia
A5079699406,artificial intelligence
A5030946609,artificial intelligence
A5056321982,artificial intelligence
A5090655639,artificial intelligence
A5050001967,artificial intelligence
A5074034743,computer vision
A5068708748,artificial intelligence
A5079866522,artificial intelligence
A5059389358,artificial intelligence
A5004916053,operating system
A5065763841,operating system
A5087746924,knowledge management
A5050566206,computer vision
A5010432592,operating system
A5089954758,machine learning
A5047609606,machine learning
A5087120683,machine learning
A5018530825,computer security
A5025481894,artificial intelligence
