src,tgt,position
W1439977626,A5011101896,first
W1439977626,A5077030086,last
W2146875259,A5055416007,first
W2146875259,A5080395937,middle
W2146875259,A5037058917,middle
W2146875259,A5038863076,middle
W2146875259,A5079529381,last
W4205803708,A5019041750,first
W4286781802,A5062653961,first
W4286781802,A5044531901,last
W4226400653,A5023659945,first
W4226400653,A5053290697,middle
W4226400653,A5077250049,last
W3176723190,A5077116838,first
W3176723190,A5087818529,middle
W3176723190,A5085872076,last
W4206160026,A5090038927,first
W4206160026,A5040745708,middle
W4206160026,A5076158905,last
W4285113563,A5082997975,first
W4285113563,A5030647281,middle
W4285113563,A5059489981,last
W32694474,A5083429200,middle
W4206458480,A5059555462,first
W4206458480,A5080317853,middle
W4206458480,A5033495329,last
W4206941915,A5006624933,first
W4280631200,A5056373616,first
W3186331827,A5003215313,first
W3186331827,A5061267204,middle
W3186331827,A5034724154,last
W4285613665,A5015092805,first
W4285613665,A5060472097,middle
W4285613665,A5043134791,middle
W2046697027,A5033887174,first
W4210931193,A5047924976,first
W4210931193,A5017848668,last
W3142000089,A5040001106,first
W4281703335,A5057548987,first
W4213033583,A5025354167,first
W4213033583,A5020217603,last
W4287981514,A5006439005,first
W3196890453,A5019610791,first
W3196890453,A5029760958,last
W4206453722,A5049395796,first
W4206453722,A5058237044,middle
W4210451551,A5045015100,first
W4214911502,A5059063960,first
W4214933812,A5033389701,first
W4214933812,A5078098511,last
W4221027866,A5030306558,first
W4221135977,A5029760958,last
W4224232484,A5054833334,first
W4294842693,A5071512605,first
W4281572205,A5039774878,first
W4281572205,A5087542455,last
W4281983124,A5077282492,first
W4293870385,A5035387756,last
W2337704042,A5042652099,first
W4226317728,A5012275958,first
W4226317728,A5024400994,middle
W4226317728,A5090320352,last
W4285123829,A5044678024,first
W4285123829,A5031749850,last
W4297662269,A5065322269,first
W4301626130,A5048581675,last
W1534685389,A5021317942,last
W2912418499,A5086909487,first
W4210258364,A5045680211,first
W4213433489,A5014114139,first
W4213433489,A5072360498,last
W4214823418,A5047552450,first
W4225839279,A5057357799,last
W4226020035,A5026459143,first
W4226474150,A5045155917,first
W4226474150,A5055769904,last
W4281976359,A5081393897,first
W4281976359,A5036019279,middle
W4281976359,A5045048407,middle
W4281976359,A5083090794,last
W581920082,A5018873219,first
W644287354,A5069559168,first
W2889210283,A5037306695,first
W2889210283,A5074875493,middle
W2889210283,A5042248436,last
W3206133160,A5026512168,first
W4205828595,A5043102587,first
W4207022922,A5088285339,middle
W4213173722,A5065352983,first
W4213173722,A5001768471,middle
W4213173722,A5009338966,last
W4224228060,A5010390337,first
W4226220242,A5033473979,first
W4226220242,A5061846947,middle
W4226220242,A5048831506,last
W4283661198,A5039774878,first
W4283661198,A5087542455,middle
W4283661198,A5071890338,middle
W4283661198,A5005977240,last
W4285386239,A5036701781,first
W4285386239,A5057467969,last
W4294363373,A5014105098,middle
W4294363373,A5032467032,middle
W4294363373,A5042624882,middle
W4294363373,A5044316613,middle
W4294363373,A5013247320,middle
W4294363373,A5019170728,last
W4312419090,A5053176440,first
W4312419090,A5071691539,middle
W4312419090,A5012275958,middle
W4312419090,A5076621570,middle
W4312419090,A5014815513,middle
W4312419090,A5068858971,last
W561326750,A5014869503,first
W561326750,A5084038126,last
W2521317972,A5043355456,first
W4206013095,A5032811590,first
W4213111924,A5042257441,first
W4213111924,A5047333458,middle
W4213111924,A5087675371,last
W4213439217,A5090537015,first
W4213439217,A5028102780,last
W4225609657,A5019170728,first
W4226092483,A5085542421,first
W4226293514,A5060169206,first
W4226293514,A5065624271,last
W4281287197,A5006525541,first
W4281287197,A5034301301,middle
W4281287197,A5031798370,middle
W4281287197,A5058396473,last
W4286728642,A5087074070,first
W4286728642,A5023590573,last
W4288915018,A5017736224,first
W4293637532,A5069092168,first
W4293637532,A5051179351,middle
W4293637532,A5050428872,last
W4312294904,A5063978613,first
W4312294904,A5035540038,middle
W4312294904,A5009027337,last
W4317927903,A5017736224,first
W2571765934,A5056590783,first
W2571765934,A5057616298,last
W3200749269,A5039368667,first
W3212618591,A5004349915,first
W3212618591,A5069779574,middle
W3212618591,A5020893740,last
W4200361106,A5018809288,first
W4200532991,A5067976836,first
W4205371773,A5019559482,first
W4205371773,A5020679005,middle
W4205371773,A5029695395,middle
W4205371773,A5033366097,last
W4229456536,A5074444599,first
W4229456536,A5039262873,last
W4281799450,A5023857090,middle
W4282940792,A5049128033,first
W4282940792,A5090303125,last
W4283329869,A5042948419,first
W4283582353,A5000893315,first
W4283582353,A5049606008,last
W4285154365,A5078385889,first
W4285154365,A5048088901,middle
W4285154365,A5004565086,last
W1552936035,A5051768618,first
W310511451,A5084307280,last
W3173362985,A5042263160,first
W3173362985,A5019027909,middle
W3173362985,A5012552426,last
W3194038733,A5056408999,first
W3201371312,A5052442286,first
W3201371312,A5035065085,last
W3206252064,A5049723273,first
W3206252064,A5077483649,middle
W3206252064,A5089489798,middle
W3210638057,A5047988825,first
W3211288522,A5028234987,first
W3211288522,A5088651272,last
W4200205871,A5077484084,first
W4206130440,A5083458987,first
W4206130440,A5000613715,last
W4206242065,A5056120976,first
W4206242065,A5031109686,last
W4206971521,A5067248258,first
W4206971521,A5063976769,last
W4210895838,A5085878186,first
W4210895838,A5040345337,last
W4210910835,A5084420184,first
W4210910835,A5072025025,middle
W4210910835,A5029912524,middle
W4210910835,A5058427055,middle
W4210910835,A5072471679,middle
W4210910835,A5061041118,last
W4210983955,A5051776087,first
W4210983955,A5015773823,middle
W4210983955,A5056461537,last
W4213202832,A5084685127,middle
W4213202832,A5076404172,middle
W4213444854,A5056651394,first
W4213444854,A5024687679,last
W4214907676,A5024892806,middle
W4220913814,A5044083224,first
W4220913814,A5012870568,last
W4220932586,A5086191134,first
W4220932586,A5082651558,middle
W4220932586,A5041348809,last
W4224292880,A5086827948,first
W4225631495,A5054617261,first
W4225631495,A5066559252,middle
W4225631495,A5062028365,middle
W4225631495,A5015790850,last
W4225752751,A5058251552,first
W4225763266,A5005081662,first
W4226200347,A5076724368,first
W4226200347,A5015300704,last
W4280624485,A5088669857,last
W4280631081,A5059860876,middle
W4283812177,A5086084081,first
W4283812177,A5046458978,last
W4286615856,A5054581392,first
W4286615856,A5036184500,middle
W4286615856,A5034214693,last
W4289517407,A5018251081,first
W4290666426,A5048991827,first
W4290666426,A5031951532,last
W4294202921,A5031928873,first
W4294202921,A5056256429,middle
W4294202921,A5090303125,last
W4294250651,A5015670881,first
W4294250651,A5053767623,last
W4297471009,A5080440807,first
W4297471009,A5027965041,middle
W4300863999,A5002716826,first
W4300863999,A5006954248,middle
W4303968698,A5060599622,first
W4304128115,A5052092144,middle
W4304128115,A5023092960,last
W4306834331,A5069927794,first
W4306834331,A5043258522,middle
W4306834331,A5030773387,last
W4311114154,A5018252940,first
W4312442106,A5080963527,first
W4312442106,A5046897413,last
W4312599226,A5055099598,first
W4312599226,A5045596261,middle
W4312599226,A5081283168,middle
W4312599226,A5040156274,middle
W2097162157,A5026139242,first
W2567612170,A5085500003,first
W3199909246,A5065889617,first
W3199909246,A5072126002,middle
W3199909246,A5046925202,last
W3206556280,A5021609168,first
W3206556280,A5029042665,middle
W3206556280,A5003500454,middle
W3206556280,A5019730263,last
W3208968448,A5085147057,first
W3210630348,A5069567599,first
W3217474197,A5017782005,first
W4200569159,A5063239904,first
W4205557155,A5067681613,first
W4206166116,A5041330697,middle
W4206166116,A5049560739,last
W4206219178,A5007202295,first
W4206219178,A5080014014,middle
W4206219178,A5074109337,last
W4206595036,A5017137055,last
W4210480248,A5079529855,last
W4210631811,A5081095676,first
W4210631811,A5065231128,middle
W4210695855,A5059638694,first
W4210695855,A5045182133,middle
W4210695855,A5014530665,middle
W4210695855,A5078219606,last
W4212984806,A5074458048,first
W4212984806,A5058277339,middle
W4212984806,A5091610469,last
W4214506808,A5048979986,first
W4214618517,A5017283339,first
W4214748684,A5079087277,first
W4214748684,A5057426644,last
W4220819363,A5006670993,first
W4220819363,A5067908150,middle
W4220819363,A5026457502,last
W4223893108,A5083251527,first
W4223893108,A5011551728,middle
W4223893108,A5000501516,last
W4225113992,A5010839506,first
W4225113992,A5029764293,middle
W4225113992,A5026886803,middle
W4225113992,A5078150831,middle
W4225113992,A5044987382,last
W4225697293,A5038329998,first
W4225697293,A5056442083,last
W4225769002,A5087906790,first
W4226048050,A5077476379,first
W4226064673,A5003462506,first
W4226064673,A5059268103,middle
W4226064673,A5000146915,middle
W4226064673,A5005538846,last
W4280495925,A5065632775,last
W4280515408,A5022084655,first
W4280515408,A5067987203,middle
W4280515408,A5078562089,last
W4280608547,A5058100326,first
W4281557376,A5062887905,first
W4281841905,A5064222974,first
W4283171191,A5018937644,last
W4283272196,A5080738380,first
W4283393905,A5042785517,middle
W4283396303,A5015789964,last
W4283744478,A5016904175,middle
W4285140031,A5051940611,first
W4285140031,A5047382437,middle
W4285140031,A5082832007,middle
W4285140031,A5047725314,last
W4285148770,A5073341075,first
W4285148770,A5074371899,last
W4285179981,A5025936585,first
W4285226730,A5027196976,first
W4285226730,A5056262479,middle
W4285226730,A5007029060,middle
W4285226730,A5084679040,last
W4285654448,A5005746244,first
W4285654448,A5014139163,last
W4285793722,A5049007276,first
W4285793722,A5019430505,last
W4288060244,A5083098479,first
W4289704686,A5047094005,first
W4289755927,A5026967874,first
W4293066557,A5001124548,first
W4293199213,A5072081755,middle
W4293199213,A5018996307,middle
W4293232673,A5077686048,first
W4300297205,A5010812344,first
W4307052698,A5088213581,first
W4307052698,A5080163927,middle
W4307052698,A5005966400,middle
W4307052698,A5041921907,last
W4307920130,A5043324448,first
W4311181487,A5016638899,first
W4312574497,A5016716343,first
W4313147832,A5008548871,first
W4313147832,A5053758831,last
W1897649897,A5081866316,first
W1897649897,A5076436751,last
W2479728606,A5033697308,first
W2611577245,A5015749813,first
W2884821846,A5088389954,first
W2970579587,A5032024596,first
W2970579587,A5024100585,middle
W2970579587,A5039422179,middle
W2970579587,A5056363180,last
W3166869588,A5070659482,first
W3166869588,A5039819154,last
W3175612732,A5058506046,last
W3186336672,A5041121124,first
W3186336672,A5032201822,last
W3187974874,A5037963323,first
W3195886167,A5053561890,first
W3195886167,A5033055511,middle
W3195886167,A5040242807,middle
W3195886167,A5024058808,last
W3200293456,A5072667046,first
W3200293456,A5043446520,last
W3201872496,A5031351256,first
W3208695971,A5024574294,first
W3212176443,A5062152363,middle
W3217766164,A5040975720,first
W3217766164,A5010635210,middle
W3217766164,A5065833288,last
W4205373269,A5021827617,first
W4205580626,A5018330320,first
W4205580626,A5037094535,last
W4205647291,A5012644755,first
W4205677361,A5018655903,first
W4205677361,A5046605612,last
W4205915397,A5046685617,first
W4205915397,A5063550211,middle
W4205915397,A5026685411,last
W4206116760,A5017945055,first
W4206116760,A5071297288,middle
W4206116760,A5049580392,last
W4206688953,A5074177185,first
W4206688953,A5016258301,middle
W4206688953,A5058073627,middle
W4206688953,A5060530625,last
W4206998242,A5008782769,first
W4207028855,A5075030504,first
W4210482340,A5030966496,first
W4210567197,A5068846810,first
W4210567197,A5068150910,middle
W4210567197,A5006722575,middle
W4210567197,A5091390489,last
W4210585488,A5079216025,first
W4212852603,A5010221865,first
W4212852603,A5049172904,middle
W4212852603,A5090006996,last
W4213015407,A5087687861,first
W4213101723,A5026809096,first
W4213101723,A5026917521,last
W4213247301,A5082410723,first
W4213255813,A5016873408,first
W4213423985,A5014292602,first
W4213423985,A5056543056,middle
W4213423985,A5078128767,last
W4213425341,A5069979525,first
W4220828386,A5076003648,first
W4220930839,A5072971494,first
W4220930839,A5062878995,middle
W4220930839,A5025628772,last
W4220996664,A5038764657,first
W4224294525,A5011294245,first
W4224937761,A5056933813,first
W4225854340,A5052565793,first
W4226017214,A5057153302,first
W4226288055,A5051231020,first
W4226288055,A5057317213,last
W4226342746,A5079988916,first
W4226366873,A5091600758,last
W4228999475,A5041348809,first
W4228999475,A5072037711,middle
W4228999475,A5077478338,middle
W4228999475,A5024216819,middle
W4228999475,A5082675058,last
W4280549079,A5046073654,first
W4280549079,A5025681351,last
W4281821958,A5039793075,first
W4281821958,A5062022811,middle
W4281918652,A5045494565,first
W4281918652,A5045902910,middle
W4281918652,A5047073449,last
W4282558231,A5076652737,first
W4282558231,A5091692107,middle
W4282558231,A5041591589,middle
W4282930733,A5028502996,first
W4283319085,A5081622450,first
W4283319085,A5014168997,middle
W4283319085,A5040319974,last
W4283385079,A5022872779,first
W4283385079,A5002007044,middle
W4283385079,A5018692762,last
W4283736357,A5021257434,first
W4283736357,A5041005595,last
W4284961917,A5068059152,first
W4284961917,A5018683464,middle
W4284961917,A5035300094,last
W4285027319,A5085239243,first
W4285027319,A5028058474,middle
W4285027319,A5081925956,last
W4285092952,A5065415596,middle
W4285092952,A5041558658,middle
W4285092952,A5083548267,middle
W4285231054,A5047477249,first
W4285231054,A5074371899,last
W4285263994,A5075834747,first
W4285263994,A5027099057,last
W4285267256,A5062027666,first
W4285267256,A5015951381,middle
W4285267256,A5052673631,middle
W4285267256,A5023911324,middle
W4285267256,A5041404935,last
W4285306634,A5026453313,first
W4285306634,A5006390574,last
W4285491251,A5041348809,first
W4285491251,A5072158867,middle
W4285491251,A5005573784,middle
W4285491251,A5024216819,middle
W4285491251,A5082675058,last
W4286219960,A5055912992,first
W4286219960,A5000650768,middle
W4286587675,A5068576662,first
W4288064411,A5078402038,last
W4289545138,A5001230626,first
W4289545138,A5088924057,last
W4289921815,A5037434991,first
W4291000437,A5010049388,first
W4291000437,A5000375474,middle
W4293111695,A5006971161,first
W4293111695,A5084618257,middle
W4293111695,A5084642830,middle
W4293111695,A5016664855,middle
W4293111695,A5009898523,middle
W4293111695,A5088621320,last
W4293211494,A5022272025,first
W4293211494,A5010392760,middle
W4293211494,A5026420819,last
W4294243651,A5002916410,first
W4295997848,A5088920522,first
W4295997848,A5028349208,last
W4296363284,A5017843837,first
W4296363284,A5069872217,last
W4297877862,A5036734067,first
W4297877862,A5075877563,last
W4300716174,A5066945625,first
W4300716174,A5069735734,middle
W4301746738,A5010862066,first
W4304205265,A5067720228,first
W4306941952,A5060472679,first
W4307300957,A5024859511,first
W4307300957,A5085829506,middle
W4307300957,A5076151866,middle
W4307300957,A5027199963,last
W4307333443,A5090746453,first
W4307460012,A5089279747,middle
W4307508829,A5000771933,first
W4307508829,A5029550725,middle
W4307508829,A5044763753,last
W4307831481,A5090099811,first
W4308459229,A5082061559,middle
W4308459229,A5010729247,last
W4309100662,A5081361766,first
W4309949173,A5020629788,first
W4310750142,A5087686407,first
W4312410331,A5073574105,first
W4312410331,A5066182543,middle
W4312410331,A5002602198,last
W4312474290,A5001888939,first
W4312474290,A5044729293,middle
W4312474290,A5017874234,middle
W4312557803,A5071101575,first
W4312784220,A5044459572,last
W4312981879,A5085640653,middle
W4312981879,A5091465977,last
W4313041408,A5004783243,first
W4313041408,A5023138124,middle
W4313041408,A5040883108,middle
W4313041408,A5009085292,middle
W4313041408,A5016219113,last
W4321196082,A5033023363,middle
W4321196082,A5012986483,middle
W649263301,A5087322718,first
W2135745307,A5038188807,first
W2135745307,A5022116921,middle
W2135745307,A5031389318,last
W2341825921,A5067023473,first
W2341825921,A5063969623,last
W2563127788,A5016532646,last
W2734364129,A5014294345,first
W2734364129,A5020552563,middle
W2738199302,A5078861665,first
W2738199302,A5005513118,middle
W2788693253,A5073251858,first
W2788693253,A5040322057,middle
W2788693253,A5087133067,middle
W2788693253,A5011679366,last
W2790174733,A5011290404,first
W2790174733,A5026577518,last
W2970360348,A5087478287,first
W2970360348,A5082293980,last
W3139257819,A5022325942,first
W3164470377,A5016921493,middle
W3165860807,A5022741687,middle
W3165860807,A5023170439,middle
W3165860807,A5072386175,last
W3169035438,A5013570618,first
W3169035438,A5028090675,middle
W3169035438,A5081768084,middle
W3169035438,A5065656568,last
W3187858964,A5013150811,first
W3187858964,A5009876345,middle
W3187858964,A5022165444,last
W3196394865,A5016766272,first
W3196394865,A5027164381,middle
W3196394865,A5008866731,last
W3196977957,A5003504954,first
W3196977957,A5018395060,middle
W3196977957,A5069783522,last
W3197516257,A5029410939,middle
W3197516257,A5056543056,last
W3203983490,A5055592276,first
W3207459353,A5005081662,first
W3207622304,A5068736638,first
W3207622304,A5043213265,middle
W3207622304,A5013091675,middle
W3207622304,A5060655916,last
W3211110758,A5056408977,first
W3211110758,A5001811303,last
W3216533450,A5061465385,first
W3217698014,A5003591216,first
W3217698014,A5068138818,middle
W4200129645,A5085476945,first
W4200129645,A5054535002,last
W4200223748,A5053411141,first
W4200223748,A5054281917,last
W4200436525,A5079704928,first
W4200436525,A5089327837,middle
W4200436525,A5081293402,middle
W4200526827,A5042600463,first
W4200595400,A5003964226,first
W4205263435,A5009761615,first
W4205263435,A5017722831,middle
W4205263435,A5010413902,middle
W4205263435,A5027535593,last
W4205272162,A5044370037,first
W4205628625,A5047066399,first
W4205802268,A5017343541,first
W4206033498,A5018879643,middle
W4206041244,A5031097117,first
W4206378859,A5048466461,first
W4206421473,A5009067263,first
W4206421473,A5045866272,last
W4206450396,A5021140075,first
W4206450396,A5041348809,last
W4206642749,A5011316386,middle
W4206684896,A5012433970,first
W4206720957,A5043151017,first
W4206720957,A5024620954,middle
W4206720957,A5082006408,last
W4206953459,A5022682874,first
W4206956722,A5077044361,first
W4207023531,A5076212960,first
W4207068659,A5065232917,first
W4210441011,A5060749995,first
W4210441011,A5055750045,middle
W4210441011,A5031703549,middle
W4210441011,A5074885512,middle
W4210441011,A5054581568,last
W4210516107,A5018943364,first
W4210519952,A5053663591,first
W4210519952,A5046986953,middle
W4210519952,A5085895427,last
W4210617532,A5047952246,first
W4210617532,A5084650151,middle
W4210617532,A5068442192,middle
W4210617532,A5038692973,last
W4210795308,A5020501741,first
W4210844536,A5067697464,first
W4210844536,A5079803939,middle
W4210844536,A5023608941,last
W4210931180,A5009893159,first
W4210931180,A5078316510,middle
W4210931180,A5041848845,last
W4211107891,A5050355323,first
W4211107891,A5002292445,middle
W4211107891,A5076344816,middle
W4211107891,A5062121176,last
W4212767120,A5065486002,first
W4212767120,A5058031822,middle
W4212869330,A5054215892,first
W4212869330,A5025683970,middle
W4212869330,A5021334072,last
W4212871429,A5007563451,first
W4212904399,A5078605314,first
W4212974071,A5013703767,middle
W4212974071,A5079799336,last
W4212982953,A5082873987,middle
W4213023582,A5074228054,middle
W4213023582,A5056876263,middle
W4213248191,A5048077935,first
W4213248191,A5031408885,middle
W4213248191,A5053277804,middle
W4213248191,A5076985479,last
W4213416003,A5041167419,first
W4213440587,A5061424566,middle
W4213440587,A5045775296,middle
W4213440587,A5030136982,middle
W4213440587,A5033237650,last
W4214603844,A5008860590,first
W4214616925,A5036579066,first
W4214616925,A5014077486,middle
W4214616925,A5049560932,middle
W4214616925,A5001927336,middle
W4214930112,A5083651694,first
W4220768716,A5040955964,first
W4220777077,A5057179211,first
W4220777077,A5051765050,last
W4220778482,A5053424176,first
W4220804219,A5047832617,last
W4220830102,A5023652725,first
W4220852180,A5051746616,first
W4220948491,A5082453354,first
W4220948491,A5077255113,middle
W4220948491,A5056231386,last
W4220989388,A5008712913,first
W4220991151,A5074780573,middle
W4220991151,A5036945704,last
W4221030628,A5003198124,first
W4221084078,A5053584642,first
W4221089603,A5020532590,last
W4223542695,A5036945704,first
W4224046560,A5064539864,first
W4224228768,A5062027901,first
W4224261890,A5073995416,first
W4224950214,A5027554548,first
W4224988098,A5021140075,first
W4224988098,A5086156136,middle
W4224988098,A5022700946,last
W4225410120,A5068608168,first
W4225420207,A5063653804,first
W4225420207,A5014135168,last
W4225644356,A5006381876,first
W4225644356,A5034899973,middle
W4225644356,A5069173618,last
W4226218417,A5019300933,first
W4226221168,A5065889617,first
W4226221168,A5036545390,middle
W4226221168,A5088760854,middle
W4226221168,A5059324426,middle
W4226221168,A5046925202,last
W4226316038,A5038982420,first
W4226321427,A5024446363,middle
W4226321427,A5001159564,middle
W4226321427,A5024118900,last
W4226350380,A5022520168,first
W4226350806,A5039950678,first
W4226350806,A5003799782,middle
W4226350806,A5036423849,last
W4226355966,A5018166832,first
W4226355966,A5066460460,middle
W4226355966,A5030687097,middle
W4226355966,A5061484138,middle
W4226355966,A5021901258,last
W4226370097,A5009883963,first
W4226370097,A5084317819,last
W4226396670,A5030490648,first
W4226441884,A5021116704,first
W4226441884,A5060914065,middle
W4226441884,A5049255296,middle
W4226441884,A5017778040,middle
W4226441884,A5057629608,last
W4229445588,A5004473490,first
W4229453086,A5046846553,first
W4280509763,A5058100326,first
W4280522649,A5012815272,first
W4280537621,A5047169531,first
W4280621871,A5052561466,first
W4280622137,A5035918089,last
W4280639588,A5006601383,middle
W4281565204,A5042590363,first
W4281692501,A5076830956,last
W4281810392,A5011026822,first
W4281890735,A5009521511,last
W4281989708,A5025967912,first
W4282920503,A5027517556,first
W4282920503,A5051101922,last
W4282942804,A5038138844,middle
W4282942804,A5000416781,last
W4282962879,A5002823670,first
W4282962879,A5034623562,middle
W4282962879,A5029681629,middle
W4282962879,A5044372686,last
W4283265255,A5001133902,first
W4283265255,A5007945353,middle
W4283265255,A5085666911,middle
W4283265255,A5047898631,last
W4283314068,A5005325358,first
W4283372053,A5061644462,last
W4283387093,A5058278042,first
W4283587212,A5035018687,first
W4283757441,A5019995240,first
W4283757441,A5075100191,middle
W4283757441,A5057100275,middle
W4283757441,A5058355041,middle
W4283757441,A5006521642,last
W4283822018,A5065588377,first
W4283824044,A5043727516,first
W4284666857,A5015422906,first
W4284899960,A5049220804,first
W4284968350,A5012457596,middle
W4285107878,A5024354228,first
W4285175587,A5045684463,first
W4285175587,A5090800873,middle
W4285175587,A5084634158,middle
W4285175587,A5012973308,middle
W4285175587,A5040929138,last
W4285189947,A5067089203,last
W4285194218,A5036108068,first
W4285194218,A5080930077,last
W4285209446,A5001138910,first
W4285209446,A5015751405,middle
W4285209446,A5057702802,last
W4285231243,A5002042200,first
W4285231243,A5079607294,last
W4285233989,A5041155221,first
W4285233989,A5026668094,last
W4285284996,A5019552564,first
W4285284996,A5051313364,middle
W4285284996,A5047065550,last
W4285292754,A5063307080,first
W4285298911,A5063924205,first
W4285411177,A5041573893,first
W4285492972,A5044450597,middle
W4286285424,A5077554980,middle
W4286355922,A5055510607,first
W4286355922,A5046472188,middle
W4286355922,A5006705632,middle
W4286423616,A5064365898,first
W4287455912,A5087246144,first
W4288036240,A5051771177,first
W4288036240,A5091782158,middle
W4288036240,A5018586987,middle
W4288036240,A5077120405,last
W4289766557,A5001662543,first
W4289766557,A5042927727,middle
W4289766557,A5062029765,last
W4289812976,A5056405348,last
W4290805724,A5083182498,first
W4290805724,A5000739686,middle
W4290805724,A5026841543,middle
W4290850096,A5043891859,first
W4290931615,A5053837522,middle
W4290931615,A5009777550,middle
W4291535954,A5021051196,first
W4291535954,A5057060376,last
W4292074788,A5071843686,first
W4292337236,A5065147047,first
W4293174144,A5050580025,middle
W4293174144,A5017270303,middle
W4293208390,A5086990384,first
W4293208390,A5013880410,middle
W4293208390,A5054129711,middle
W4293208390,A5022246915,middle
W4293208390,A5054273103,middle
W4293208390,A5037739037,middle
W4293208390,A5086242686,last
W4293211642,A5022634842,first
W4293211642,A5004194238,last
W4293241021,A5055843680,first
W4293273772,A5024286222,first
W4293424520,A5055174523,first
W4293424520,A5027251474,last
W4293451637,A5090716815,first
W4293572509,A5022216164,middle
W4293685794,A5074915163,first
W4293685794,A5028760144,middle
W4293685794,A5020731627,middle
W4293685794,A5036839837,last
W4293754407,A5037008295,first
W4293919160,A5025961197,first
W4294560982,A5035339575,first
W4294908586,A5056476924,first
W4295979490,A5009058591,first
W4296626346,A5027474161,first
W4296626346,A5072743620,last
W4297126949,A5035687887,first
W4297126949,A5061268084,last
W4297338411,A5059369445,first
W4297610651,A5012825407,first
W4297610651,A5059630076,middle
W4297610651,A5048092912,last
W4297726655,A5027629530,first
W4297726655,A5007287967,middle
W4297726655,A5009432644,last
W4297877027,A5036473094,last
W4299435459,A5051503916,middle
W4299564107,A5090876814,first
W4299564107,A5027207271,last
W4299681520,A5044920558,first
W4300572492,A5016605651,first
W4300572492,A5049130351,middle
W4300708240,A5057316552,first
W4300970055,A5011515805,first
W4302314470,A5018293076,last
W4302424956,A5090722031,first
W4302424956,A5046949495,middle
W4302424956,A5044234030,middle
W4302424956,A5036518567,last
W4302988386,A5043516209,first
W4303195004,A5037617317,last
W4303470738,A5049829177,first
W4303470738,A5091260522,last
W4303579480,A5037201286,first
W4303579480,A5062947585,last
W4304203416,A5086095659,first
W4306176280,A5073958329,first
W4306176280,A5001123312,middle
W4306176280,A5024708104,last
W4306837140,A5082003454,first
W4306942389,A5073896378,first
W4307015200,A5013630781,first
W4307015200,A5004324716,middle
W4307050628,A5014002036,first
W4307050628,A5091190338,middle
W4307050628,A5061145211,last
W4307203749,A5075225700,first
W4307423108,A5048478950,first
W4307817492,A5027908696,first
W4307817492,A5064094191,middle
W4307817492,A5008894143,middle
W4307977375,A5041808868,first
W4308050263,A5048143999,first
W4308329707,A5073358375,first
W4308329707,A5067064621,last
W4308555850,A5084592859,first
W4308654941,A5027809407,first
W4308964149,A5051937346,first
W4308964149,A5031836934,middle
W4308964149,A5063434364,last
W4309353502,A5045725228,first
W4309353502,A5057307339,middle
W4309353502,A5015292011,middle
W4309353502,A5030041882,middle
W4309683954,A5040918016,first
W4309683954,A5075821104,last
W4309784635,A5055532848,first
W4309818109,A5081632776,first
W4309818198,A5001906248,first
W4309818198,A5019302005,middle
W4309818198,A5052025135,middle
W4309818198,A5042264974,middle
W4309818198,A5032018413,last
W4310662343,A5026112320,last
W4310696161,A5026978593,first
W4311909539,A5066047328,first
W4311909539,A5075610474,middle
W4311909539,A5015987262,middle
W4311909539,A5046591841,last
W4312123763,A5016605651,first
W4312123763,A5049130351,middle
W4312123763,A5012967580,middle
W4312123763,A5067866335,last
W4312474505,A5066698936,first
W4312474505,A5014266194,middle
W4312474505,A5082094513,middle
W4312474505,A5033823653,last
W4312541944,A5030611701,first
W4312548618,A5054385647,first
W4312575906,A5080476673,first
W4312613808,A5017471254,first
W4312613808,A5031149136,last
W4312694726,A5060263666,first
W4312732483,A5091286205,last
W4312759026,A5087624087,first
W4312759026,A5035620121,last
W4312819480,A5052695908,first
W4312833999,A5041327449,first
W4312833999,A5019539533,last
W4312852115,A5003738785,first
W4312858383,A5033810127,first
W4312918022,A5083195984,first
W4312918022,A5017271086,middle
W4312918022,A5034939930,middle
W4312918022,A5047360962,middle
W4312918022,A5020692995,last
W4312918389,A5076156857,last
W4312983485,A5066666034,first
W4312983485,A5003075563,middle
W4312983485,A5048295582,middle
W4312983485,A5047233371,last
W4313038619,A5004282593,first
W4313038619,A5040953644,middle
W4313038619,A5082706113,last
W4313149450,A5080782923,first
W4313149450,A5076112933,last
W4313161111,A5039977846,first
W4313161111,A5065288245,middle
W4313161111,A5013641073,middle
W4313161111,A5038798208,middle
W4313161111,A5067633889,middle
W4313161111,A5078043817,middle
W4313161111,A5016877609,last
W4313449872,A5065773428,first
W4318329528,A5014556502,middle
W4318329528,A5044819146,last
W4318537331,A5012747021,first
W4318537331,A5078747466,middle
W4318537331,A5030516767,last
W4318820247,A5002757991,first
W4323518534,A5028329886,first
W4361826072,A5071963371,first
W127766032,A5075369704,first
W127766032,A5087340443,middle
W127766032,A5055479421,middle
W127766032,A5063669642,last
W1567595918,A5072329977,first
W1581343615,A5057606394,first
W1581343615,A5000444860,last
W2184647880,A5040595528,first
W2231963306,A5020852163,first
W2288441990,A5071708239,first
W2359372216,A5083806763,first
W2564954940,A5022186437,first
W2568698427,A5010271431,first
W2736011518,A5068395409,first
W2736885089,A5007853539,last
W2743611459,A5078886497,middle
W2743611459,A5037839519,middle
W2749921464,A5085942072,first
W2785516033,A5085060529,first
W2797762318,A5025214219,last
W2905295705,A5023471512,first
W2916003390,A5011087889,first
W2916003390,A5068961635,last
W2982635668,A5067568785,middle
W2982635668,A5083181106,middle
W2982635668,A5052616509,last
W3002221418,A5036801702,first
W3006570665,A5037567495,middle
W3006570665,A5088099083,middle
W3006570665,A5036197548,last
W3014625720,A5057625030,first
W3014625720,A5068372125,middle
W3014625720,A5044244385,last
W3023274438,A5044147747,first
W3065370029,A5050376141,last
W3087447742,A5007445956,first
W3108508385,A5064933092,first
W3147326472,A5076270627,first
W3147326472,A5079989614,middle
W3147326472,A5077419846,middle
W3147326472,A5077365712,middle
W3147326472,A5064212484,last
W3158582807,A5075148100,first
W3158640148,A5039729076,middle
W3158640148,A5088975098,middle
W3158640148,A5050708144,last
W3167778389,A5003350311,first
W3171559732,A5074003372,first
W3174379694,A5048174498,last
W3175010480,A5026822590,first
W3175010480,A5059479627,last
W3176049356,A5041835689,last
W3176803657,A5054768123,first
W3177261434,A5006153938,first
W3177848453,A5049695343,last
W3183894814,A5013096348,first
W3184791567,A5031738939,last
W3187174708,A5030384112,first
W3187521471,A5031389904,first
W3187521471,A5086954366,middle
W3187521471,A5090320352,last
W3191012908,A5090458620,first
W3193542166,A5023801168,first
W3193542166,A5013198945,middle
W3193542166,A5000179526,middle
W3193542166,A5029344996,middle
W3193945199,A5082942970,first
W3193945199,A5080409343,middle
W3193945199,A5003653163,middle
W3193945199,A5009494414,last
W3194439218,A5035240808,first
W3194439218,A5071224481,middle
W3194439218,A5066912391,middle
W3195506215,A5083055800,first
W3195541988,A5040083195,first
W3195541988,A5069136207,last
W3196588422,A5012713624,first
W3196748854,A5068645158,first
W3196748854,A5019760497,middle
W3196748854,A5081293114,middle
W3196752365,A5031107463,first
W3196995625,A5031107463,first
W3197012046,A5042229287,first
W3197410257,A5045125851,first
W3197900041,A5063541070,first
W3198496694,A5021152068,first
W3198496694,A5090999346,middle
W3198583807,A5025539382,first
W3198583807,A5065526646,middle
W3198583807,A5008757230,middle
W3198583807,A5065265823,last
W3199801250,A5061021614,first
W3199801250,A5062257326,last
W3199825703,A5003538933,first
W3199825703,A5065232917,last
W3201784069,A5089124822,last
W3203081230,A5087554767,first
W3204623123,A5008156697,first
W3204819204,A5032604295,middle
W3204819204,A5006360335,last
W3206012260,A5057027658,first
W3206227056,A5006012039,first
W3206227056,A5026898193,middle
W3206227056,A5051234799,middle
W3206227056,A5029754134,last
W3206796074,A5034333347,first
W3207708625,A5004149545,last
W3207730137,A5080187476,first
W3208576778,A5032721001,first
W3209017161,A5081393897,first
W3209017161,A5036019279,middle
W3209017161,A5045048407,middle
W3209017161,A5083090794,last
W3209061953,A5051324423,first
W3209321590,A5048625402,first
W3209337110,A5042600463,first
W3209516610,A5086393524,first
W3209516610,A5071164168,middle
W3209516610,A5091802290,last
W3210535808,A5056788649,first
W3210966182,A5057936560,first
W3210966182,A5083819794,last
W3213732066,A5075722123,last
W3214266234,A5045680211,last
W3215975786,A5012042542,first
W3216032692,A5056654254,first
W3216032692,A5027476344,middle
W3216032692,A5063436957,middle
W3216032692,A5047273493,middle
W3216032692,A5064136287,middle
W3216032692,A5000864714,last
W3216039975,A5020892291,first
W3216039975,A5018971298,middle
W3216039975,A5037739037,last
W3216250964,A5022487957,middle
W3216250964,A5074890093,middle
W3216250964,A5040125976,middle
W3216250964,A5083463175,last
W3216718842,A5042695842,first
W3216718842,A5089555754,last
W3216782927,A5063629828,first
W3216791366,A5083118730,middle
W3216791366,A5059112434,middle
W3217096046,A5062269201,last
W3217781648,A5032706099,first
W3217781648,A5073272115,middle
W3217781648,A5035513985,last
W4200079481,A5085518112,first
W4200119110,A5039480864,first
W4200123595,A5035138204,first
W4200123595,A5063068637,middle
W4200175692,A5039480864,first
W4200204554,A5085675866,first
W4200218108,A5026688050,first
W4200218108,A5041749192,middle
W4200218108,A5015763832,last
W4200219884,A5025382997,first
W4200263115,A5037299085,first
W4200294588,A5058329639,last
W4200316600,A5023471512,first
W4200386882,A5015149727,first
W4200386882,A5035226116,middle
W4200386882,A5057287057,last
W4200489764,A5047580482,first
W4200517158,A5022776935,first
W4200531050,A5005202255,first
W4200558471,A5023994518,first
W4200572436,A5012713624,first
W4205155333,A5046201566,first
W4205194985,A5034485218,first
W4205256264,A5011316386,middle
W4205264852,A5008154038,first
W4205264852,A5035240808,middle
W4205264852,A5005047027,middle
W4205264852,A5063573474,last
W4205285348,A5068346951,first
W4205306768,A5090681993,middle
W4205306768,A5055323124,middle
W4205306768,A5028024630,middle
W4205306768,A5040147339,last
W4205349288,A5084670760,first
W4205349288,A5000776375,last
W4205538336,A5070193779,first
W4205549004,A5084818253,first
W4205549004,A5027904246,last
W4205568969,A5016473787,first
W4205568969,A5071666931,middle
W4205568969,A5019091012,middle
W4205568969,A5027670603,middle
W4205568969,A5003501582,middle
W4205568969,A5050839468,middle
W4205568969,A5049903676,middle
W4205568969,A5079137690,middle
W4205568969,A5068566486,middle
W4205568969,A5068566486,last
W4205584795,A5069445340,first
W4205622683,A5019595376,first
W4205749014,A5055039829,first
W4205761638,A5007132213,first
W4205807981,A5065626014,first
W4205858048,A5053028556,first
W4205858048,A5036232472,middle
W4205858048,A5063773452,middle
W4205858048,A5086819900,last
W4206103130,A5029422826,first
W4206103130,A5015126789,middle
W4206103130,A5088869045,last
W4206111001,A5048174498,last
W4206125558,A5039595987,middle
W4206125558,A5089752682,middle
W4206125558,A5086312762,middle
W4206206684,A5007291319,first
W4206234197,A5011543481,middle
W4206234197,A5000856953,middle
W4206234197,A5082955124,last
W4206276494,A5070808825,first
W4206276494,A5004140863,middle
W4206276494,A5028461953,middle
W4206276494,A5055861934,middle
W4206276494,A5039679803,middle
W4206276494,A5045286603,middle
W4206276494,A5019101707,middle
W4206276494,A5039130801,middle
W4206276494,A5045360380,last
W4206377386,A5085223631,first
W4206377386,A5089680608,middle
W4206377386,A5078645183,last
W4206447213,A5037873810,last
W4206471531,A5082645155,first
W4206501100,A5043891859,first
W4206503560,A5046662602,middle
W4206503560,A5066130528,last
W4206538885,A5021421170,first
W4206644317,A5004152951,first
W4206645454,A5010960506,first
W4206655313,A5021817850,middle
W4206722096,A5075528261,first
W4206722096,A5010469160,middle
W4206756671,A5077361232,first
W4206768812,A5078578178,first
W4206783768,A5037873810,last
W4206987191,A5064089724,first
W4206987191,A5045741591,middle
W4206987191,A5030113959,middle
W4206987191,A5020559095,last
W4207026057,A5026921184,first
W4207026057,A5074437420,middle
W4207026057,A5036700800,middle
W4207026057,A5009288293,middle
W4207026057,A5082302800,middle
W4207026057,A5077893195,middle
W4207026057,A5014946664,middle
W4207026057,A5085055807,middle
W4207026057,A5023766465,middle
W4207026077,A5021901258,first
W4207026077,A5039742693,middle
W4207026077,A5043476218,middle
W4207026077,A5027322967,last
W4207044749,A5016605651,first
W4207044749,A5041427711,middle
W4207044749,A5018957623,middle
W4207044749,A5022700946,last
W4207083888,A5001351035,last
W4210301552,A5010377204,last
W4210342544,A5042909710,first
W4210345418,A5020822497,first
W4210426397,A5026532649,first
W4210472062,A5071688472,first
W4210472062,A5080782512,last
W4210495333,A5059934493,first
W4210495333,A5024992275,last
W4210496643,A5074879891,first
W4210496643,A5000740095,middle
W4210496643,A5032529996,middle
W4210496643,A5014450529,last
W4210504778,A5067973166,first
W4210531986,A5089392297,first
W4210536437,A5043754328,last
W4210553816,A5050576327,first
W4210590368,A5074146457,first
W4210590368,A5016444176,middle
W4210590368,A5047555554,last
W4210610588,A5081170082,first
W4210610588,A5014734799,last
W4210635693,A5022156967,last
W4210670870,A5007525803,first
W4210682008,A5087594003,first
W4210727149,A5062878408,first
W4210742010,A5002396749,first
W4210742010,A5046383149,middle
W4210750237,A5077394010,first
W4210750237,A5077611663,middle
W4210750237,A5029359976,last
W4210806674,A5091736116,first
W4210847560,A5064183268,last
W4210852254,A5065442173,first
W4210878893,A5071596180,first
W4210878893,A5013542168,last
W4210946518,A5033028395,first
W4210955684,A5052955110,first
W4211039920,A5000944051,first
W4211066599,A5019696245,first
W4211090985,A5055548778,first
W4211090985,A5068120408,middle
W4211090985,A5032379766,last
W4211100418,A5051924680,middle
W4211100418,A5080365486,last
W4211147567,A5030163875,first
W4211203742,A5084701888,first
W4212806442,A5036089178,first
W4212841849,A5004563431,first
W4212841849,A5008613359,last
W4212900681,A5083863646,first
W4212900681,A5024489800,middle
W4212954146,A5010468557,first
W4213076198,A5042221164,first
W4213076198,A5034842399,middle
W4213076198,A5073887573,middle
W4213076198,A5067550667,last
W4213086997,A5084809996,middle
W4213086997,A5036669743,middle
W4213086997,A5018076395,last
W4213131414,A5027099057,first
W4213131414,A5033056152,middle
W4213131414,A5089637331,last
W4213132678,A5063188266,first
W4213132678,A5028889632,last
W4213134026,A5084505122,first
W4213155892,A5003045206,first
W4213212372,A5033860263,first
W4213212372,A5062357883,middle
W4213212372,A5041232755,last
W4213241325,A5007913963,middle
W4213253343,A5071980659,first
W4213253343,A5057010001,middle
W4213253343,A5021600498,middle
W4213253343,A5062869881,middle
W4213253343,A5045309123,last
W4213256543,A5072702926,first
W4213256543,A5082942970,middle
W4213256543,A5041931762,last
W4213272374,A5066532337,first
W4213316779,A5082953437,first
W4213316779,A5039228742,middle
W4213316779,A5076026731,last
W4213337166,A5016587841,first
W4213345215,A5085767749,first
W4213416044,A5017929974,middle
W4213416044,A5001206870,middle
W4213416044,A5048605603,middle
W4213416044,A5071070980,middle
W4213416044,A5022862339,middle
W4213416044,A5069247745,middle
W4213416044,A5090137275,middle
W4213416044,A5019468321,middle
W4213416044,A5022265402,middle
W4213416044,A5066704457,middle
W4213416044,A5031855331,last
W4214495590,A5032389940,first
W4214519728,A5053264318,first
W4214519728,A5077830722,middle
W4214519728,A5075687427,last
W4214532861,A5029270525,first
W4214532861,A5037894047,middle
W4214532861,A5083180838,last
W4214574450,A5045149962,first
W4214580062,A5003618864,first
W4214696686,A5083900534,first
W4214750838,A5002635613,first
W4214902679,A5016503737,first
W4214902679,A5053566937,middle
W4214902679,A5067655368,last
W4214903104,A5046640187,first
W4214903104,A5003606899,last
W4214916354,A5010620729,middle
W4214922425,A5083027561,first
W4214924221,A5040790235,last
W4214950545,A5084691261,last
W4220657914,A5069398214,first
W4220662611,A5006254105,first
W4220664616,A5076585452,first
W4220670586,A5043399333,first
W4220670644,A5043109193,first
W4220692202,A5063107369,first
W4220692202,A5024725286,last
W4220699100,A5063697410,last
W4220702087,A5021140075,first
W4220702087,A5035132866,middle
W4220702087,A5082282821,middle
W4220702087,A5028356071,last
W4220710203,A5089831646,first
W4220710203,A5017473749,last
W4220721385,A5028660204,first
W4220721832,A5061154498,first
W4220721832,A5025386849,middle
W4220721832,A5079164060,last
W4220767961,A5061154498,first
W4220767961,A5025386849,last
W4220780006,A5013890492,first
W4220780006,A5089246664,last
W4220784106,A5061154498,middle
W4220784106,A5002069120,middle
W4220784106,A5073867785,middle
W4220784106,A5083900534,middle
W4220784106,A5022127788,middle
W4220784106,A5005429407,middle
W4220784106,A5075508307,middle
W4220784106,A5051673010,middle
W4220784106,A5002826926,middle
W4220784106,A5012073989,middle
W4220784106,A5084465266,middle
W4220784106,A5043109193,middle
W4220784106,A5067037693,middle
W4220784106,A5057973989,middle
W4220784106,A5032693099,last
W4220788660,A5005115313,first
W4220796887,A5027613903,first
W4220796887,A5043271582,last
W4220803845,A5079680538,first
W4220839850,A5011073927,last
W4220854860,A5018416032,first
W4220903264,A5083791412,first
W4220929634,A5068596594,first
W4220949389,A5049828885,first
W4220951225,A5056968684,first
W4220973795,A5007598063,first
W4220974329,A5040315748,middle
W4220974329,A5064303047,middle
W4220974329,A5046086085,middle
W4220974329,A5040536392,last
W4220977341,A5054993073,first
W4220977341,A5067669769,middle
W4220989502,A5084327762,first
W4220993173,A5076843626,middle
W4220999725,A5067855183,first
W4221016415,A5072075918,first
W4221016415,A5088852985,middle
W4221016415,A5019444638,last
W4221026380,A5020665891,first
W4221032049,A5091837951,first
W4221046316,A5047101376,first
W4221066926,A5030161137,first
W4221066926,A5026075884,middle
W4221066926,A5020389631,middle
W4221066926,A5002390103,last
W4221067147,A5042176458,first
W4221069535,A5052692275,first
W4221070799,A5007391698,first
W4221070799,A5089339704,middle
W4221070799,A5088702266,last
W4221071839,A5045619610,first
W4221072507,A5007171832,last
W4221078570,A5056447198,first
W4221078570,A5048831651,middle
W4221078570,A5064660687,last
W4221092188,A5030387333,first
W4221093637,A5008894446,first
W4221120648,A5052692275,first
W4221123488,A5070970628,first
W4221123488,A5033069649,middle
W4221123488,A5013729268,last
W4221133929,A5045150454,first
W4221139043,A5018166832,first
W4221139043,A5066460460,middle
W4221139043,A5030687097,middle
W4221139043,A5061484138,middle
W4221139043,A5021901258,last
W4223427601,A5020777692,first
W4223551618,A5038954351,first
W4223589238,A5003742022,first
W4223592849,A5007218954,first
W4223924669,A5026304465,first
W4223964713,A5078515449,middle
W4223966373,A5018665219,first
W4223985566,A5014495067,first
W4223995954,A5036425641,first
W4224048175,A5008643048,first
W4224075135,A5040511897,first
W4224218941,A5042660134,first
W4224230173,A5053363401,first
W4224237608,A5053277495,first
W4224237608,A5065444718,last
W4224263860,A5091654294,first
W4224268251,A5014615084,first
W4224284087,A5049724157,first
W4224284087,A5060685870,last
W4224284548,A5043281645,first
W4224284548,A5030839620,last
W4224861824,A5041873139,middle
W4224861824,A5003582833,middle
W4224861824,A5056462970,middle
W4224861824,A5076226851,middle
W4224861824,A5020871436,middle
W4224861824,A5046030036,middle
W4224861824,A5019237984,middle
W4224861824,A5016864296,middle
W4224861824,A5047875943,middle
W4224861824,A5082377531,last
W4224983120,A5086573997,last
W4225273854,A5030033846,first
W4225273854,A5066777143,middle
W4225273854,A5083774363,middle
W4225273854,A5082146561,last
W4225279808,A5023464500,first
W4225279808,A5066196197,last
W4225329190,A5075024969,last
W4225353740,A5028886391,first
W4225353740,A5007715386,last
W4225451887,A5036837240,first
W4225469479,A5080861942,first
W4225498513,A5064003089,first
W4225500731,A5046412779,first
W4225539633,A5026392908,first
W4225550185,A5062921390,middle
W4225583276,A5053607890,first
W4225596855,A5038147203,first
W4225596855,A5072073374,last
W4225637150,A5045485254,last
W4225642650,A5012760898,last
W4225667816,A5023613747,middle
W4225667816,A5001481042,middle
W4225725515,A5082785688,first
W4225725738,A5006494280,first
W4225725738,A5000973052,last
W4225733755,A5070660412,first
W4225742058,A5079655230,first
W4225784792,A5057873556,first
W4225805689,A5046867606,first
W4225839328,A5023371037,first
W4225869400,A5005330674,middle
W4225907998,A5075735754,last
W4225911869,A5086997293,first
W4225929090,A5016931951,first
W4225962899,A5063482304,first
W4225993934,A5036652880,middle
W4225993934,A5024074640,middle
W4225993934,A5091716507,middle
W4225993934,A5041689611,last
W4226000690,A5028109765,first
W4226021087,A5055416505,first
W4226021302,A5061424566,middle
W4226021302,A5045775296,middle
W4226021302,A5030136982,middle
W4226021302,A5033237650,last
W4226029036,A5014764756,first
W4226029036,A5072981904,middle
W4226029036,A5011555391,middle
W4226029036,A5080810524,middle
W4226029036,A5031407687,middle
W4226029036,A5027631931,last
W4226030493,A5048013263,first
W4226030505,A5082453354,first
W4226030505,A5077255113,middle
W4226030505,A5056231386,last
W4226034674,A5086344254,first
W4226053906,A5054408070,first
W4226053906,A5068668871,middle
W4226053906,A5016391255,last
W4226068657,A5039598830,first
W4226079650,A5009692837,first
W4226081137,A5027219664,first
W4226083518,A5019785784,first
W4226091454,A5053614912,first
W4226102362,A5004282593,first
W4226102362,A5011870640,last
W4226107032,A5057412217,first
W4226107971,A5081357662,first
W4226107971,A5022658803,middle
W4226107971,A5006137186,last
W4226109432,A5025595958,first
W4226129377,A5000853761,first
W4226129377,A5082816537,middle
W4226136674,A5057674986,first
W4226139378,A5038856320,first
W4226147659,A5027706486,middle
W4226147659,A5047705300,middle
W4226147659,A5035659183,last
W4226147954,A5087195372,middle
W4226147954,A5019278525,middle
W4226147954,A5070192843,middle
W4226147954,A5057660212,middle
W4226148182,A5039598830,first
W4226163043,A5068948928,first
W4226163043,A5040031148,last
W4226166664,A5072418254,first
W4226166664,A5040152092,last
W4226192012,A5030230838,first
W4226192722,A5007317378,first
W4226193245,A5039598830,first
W4226194446,A5084926449,last
W4226204425,A5034823602,first
W4226227390,A5024593649,first
W4226244250,A5006946871,first
W4226251066,A5060571121,middle
W4226251066,A5037460681,middle
W4226251066,A5028701519,middle
W4226251066,A5029903043,last
W4226255395,A5057616034,first
W4226263463,A5051364218,first
W4226271737,A5028032186,first
W4226277445,A5050653635,first
W4226290093,A5012640032,first
W4226322350,A5053435074,first
W4226322442,A5050517554,first
W4226327304,A5080861942,first
W4226330195,A5057674986,first
W4226331913,A5073692932,first
W4226332737,A5023483510,first
W4226337135,A5077296297,first
W4226343982,A5045936131,first
W4226343982,A5074421626,middle
W4226357398,A5054865971,first
W4226357398,A5045678750,last
W4226360080,A5005275387,last
W4226365473,A5057091373,first
W4226367808,A5052193615,middle
W4226370730,A5079497016,middle
W4226370730,A5032541561,middle
W4226373899,A5048475132,first
W4226412911,A5081357662,first
W4226412911,A5022658803,middle
W4226412911,A5006137186,last
W4226415358,A5024581998,first
W4226415358,A5084892597,middle
W4226415358,A5014725974,last
W4226430551,A5039598830,first
W4226432766,A5016488397,first
W4226435895,A5044580462,first
W4226441283,A5043751453,first
W4226453371,A5040772796,first
W4226453371,A5012293028,middle
W4226453371,A5005228053,middle
W4226453371,A5032903511,last
W4226456584,A5045989238,first
W4226462768,A5012073981,first
W4226467751,A5076526128,first
W4226481124,A5086825429,first
W4226481124,A5071786067,last
W4226483808,A5088101801,first
W4226494543,A5039598830,first
W4226495796,A5075615461,first
W4226498514,A5068336507,first
W4226504984,A5058475600,first
W4226512796,A5085929621,first
W4226521508,A5091716689,last
W4226536513,A5025338734,first
W4229000745,A5074569410,first
W4229000745,A5010033050,last
W4229027491,A5017996536,first
W4229027491,A5085703699,middle
W4229027491,A5016826957,middle
W4229058927,A5089327837,first
W4229070037,A5077469715,first
W4229370029,A5049739067,first
W4229371233,A5005746072,first
W4229378886,A5043351711,middle
W4280491562,A5068084514,first
W4280491562,A5013852620,last
W4280536762,A5042026379,first
W4280566061,A5031750354,first
W4280566061,A5008534258,last
W4280586615,A5084006380,first
W4280597366,A5013959907,first
W4280604458,A5013959907,first
W4280613064,A5075291247,first
W4280617502,A5033831688,first
W4280617502,A5084496542,middle
W4280617502,A5080879634,last
W4280626521,A5038072669,first
W4280626521,A5082471864,last
W4280627727,A5086126438,first
W4280627727,A5031384841,last
W4280640255,A5076145855,middle
W4280648219,A5027109602,last
W4280648973,A5056069735,middle
W4280648973,A5076802775,middle
W4281250950,A5027492662,first
W4281250967,A5056857543,first
W4281252668,A5013959907,first
W4281255774,A5069061215,first
W4281255774,A5013562117,last
W4281291925,A5001890911,first
W4281291925,A5078943492,last
W4281383575,A5029817159,first
W4281383575,A5034946913,last
W4281384549,A5034269796,first
W4281477365,A5048652752,first
W4281483353,A5076081220,first
W4281561766,A5066308959,first
W4281606873,A5002181360,first
W4281606873,A5049685890,middle
W4281606873,A5064675186,last
W4281619004,A5007219843,middle
W4281631938,A5062964343,first
W4281646277,A5058502926,first
W4281705378,A5048799685,first
W4281708352,A5036711977,first
W4281708352,A5083073077,middle
W4281708352,A5083972642,last
W4281712563,A5051841315,last
W4281715261,A5001904247,middle
W4281715261,A5045539754,last
W4281731062,A5065041240,first
W4281754997,A5000213833,first
W4281754997,A5083411027,last
W4281780904,A5076570969,first
W4281786685,A5024147005,middle
W4281788273,A5051881082,first
W4281788273,A5080942064,last
W4281804837,A5066553010,first
W4281832539,A5065041240,first
W4281908779,A5087346682,first
W4281942800,A5068036546,first
W4281942800,A5025012064,last
W4282831770,A5027096256,first
W4282834166,A5061962496,first
W4282834166,A5089611920,middle
W4282834166,A5064932736,last
W4282920808,A5004258547,first
W4282921697,A5074105304,first
W4282921933,A5025893367,middle
W4282921933,A5038123863,middle
W4282921933,A5075213136,last
W4282936858,A5022850081,last
W4282940829,A5057674986,first
W4282971481,A5055911707,first
W4282971481,A5072073374,middle
W4282971481,A5003345323,last
W4283207265,A5004900600,middle
W4283214414,A5023024586,first
W4283275621,A5021491737,first
W4283325306,A5019637921,first
W4283330357,A5036948844,first
W4283330591,A5072384540,first
W4283359906,A5020004538,first
W4283361785,A5025936260,first
W4283377508,A5071151843,first
W4283377508,A5062123270,last
W4283385925,A5004304671,first
W4283387543,A5015492417,first
W4283573933,A5023557010,first
W4283659716,A5042265019,first
W4283729557,A5085639025,first
W4283736721,A5018775815,first
W4283743610,A5067859139,first
W4283743610,A5012577034,middle
W4283743610,A5000266315,last
W4283751613,A5026675493,first
W4283759388,A5046242050,first
W4283792796,A5031232020,last
W4283792948,A5030691900,last
W4283797562,A5031232020,last
W4283817512,A5045058203,middle
W4283817512,A5023041667,last
W4283819177,A5031232020,last
W4283828994,A5029713342,first
W4283830323,A5032917378,first
W4283830323,A5028012187,middle
W4284680112,A5029782664,first
W4284894446,A5091192993,first
W4284894446,A5056969475,middle
W4284969819,A5078285907,middle
W4284969819,A5084996392,last
W4284989557,A5040843496,first
W4285029585,A5068292674,first
W4285041597,A5019928322,first
W4285083199,A5065976753,first
W4285124082,A5045447418,first
W4285124082,A5036763862,middle
W4285124082,A5033268203,middle
W4285124082,A5015104663,last
W4285135122,A5058345431,last
W4285136168,A5053042574,first
W4285136168,A5060576521,last
W4285137608,A5085892851,first
W4285140928,A5038843295,first
W4285143010,A5068379567,first
W4285143010,A5000889975,last
W4285145419,A5004738943,last
W4285147424,A5023502749,first
W4285147424,A5059728494,middle
W4285147424,A5024674359,middle
W4285147424,A5000541179,middle
W4285147424,A5029754134,last
W4285158834,A5016807277,first
W4285161341,A5037668386,first
W4285161341,A5033135853,middle
W4285161341,A5044949020,middle
W4285161341,A5085985351,middle
W4285161341,A5003194107,middle
W4285161341,A5014269289,last
W4285169053,A5021142526,first
W4285172231,A5017194029,first
W4285172231,A5046853042,middle
W4285172231,A5036489136,last
W4285177149,A5076067488,first
W4285177149,A5057879702,last
W4285203388,A5036207904,first
W4285203598,A5042396542,first
W4285203776,A5034648478,first
W4285217523,A5070914351,last
W4285249723,A5034722698,first
W4285249723,A5073440687,middle
W4285249723,A5004959524,middle
W4285249723,A5070638387,last
W4285265965,A5083931442,last
W4285269576,A5034823602,first
W4285269576,A5067089203,last
W4285273386,A5056656751,first
W4285273386,A5042922219,middle
W4285287317,A5057437879,first
W4285293693,A5057343466,first
W4285305386,A5086824133,first
W4285306073,A5075613749,first
W4285306090,A5083701620,first
W4285306090,A5042858264,last
W4285395482,A5067976836,first
W4285397028,A5019847549,first
W4285407466,A5073609818,last
W4285411286,A5051233479,middle
W4285411419,A5067089203,last
W4285411710,A5047808749,first
W4285412349,A5067089203,last
W4285412895,A5078261442,first
W4285413003,A5061964344,first
W4285414297,A5062737501,first
W4285414484,A5035179935,first
W4285676662,A5017826325,first
W4285691237,A5071205744,first
W4285727067,A5024238107,middle
W4285727067,A5069734411,middle
W4285727067,A5033317672,middle
W4285727067,A5044126194,last
W4285740070,A5079655230,last
W4285740895,A5041008557,first
W4285741425,A5015808667,first
W4285741425,A5019193550,last
W4285742448,A5074225230,first
W4285742448,A5042555123,middle
W4285742448,A5000548003,last
W4285804449,A5066128814,first
W4285804449,A5024287646,last
W4285817974,A5017441027,first
W4285817974,A5030171832,last
W4285999717,A5052433091,first
W4286009122,A5086885517,first
W4286009159,A5086885517,first
W4286009429,A5086885517,first
W4286229209,A5049335972,first
W4286284501,A5026023687,first
W4286373014,A5065054480,first
W4286373014,A5003640789,middle
W4286373014,A5085487073,last
W4286377257,A5067455060,last
W4286423656,A5018149079,first
W4286462312,A5063122221,first
W4286462312,A5036129923,middle
W4286462312,A5058536471,middle
W4286462312,A5049613948,last
W4286486522,A5066741930,first
W4286488967,A5044940827,first
W4286543974,A5077759476,first
W4286794574,A5033574945,first
W4286794574,A5047453954,middle
W4286794574,A5023003852,last
W4286835137,A5081357662,first
W4286835137,A5022658803,middle
W4286835137,A5006137186,last
W4286843442,A5055321308,first
W4287455376,A5087860276,first
W4287455739,A5035379452,first
W4287510574,A5003949731,last
W4287828261,A5076708141,first
W4287831607,A5082942970,last
W4287887340,A5001476237,first
W4288036233,A5081376633,first
W4288036233,A5015491945,middle
W4288064096,A5043623018,first
W4288064922,A5057334853,first
W4288064922,A5024798937,last
W4288069587,A5082529712,first
W4288077732,A5020593127,middle
W4288077732,A5004097697,middle
W4288077732,A5086616018,middle
W4288420473,A5038844679,first
W4288428463,A5038681599,first
W4288428463,A5007305116,last
W4288468290,A5078177461,middle
W4288468290,A5067596335,middle
W4288468290,A5029834670,middle
W4288468290,A5058825885,middle
W4288468290,A5064147727,middle
W4288468290,A5010439218,last
W4288884432,A5008743721,last
W4289274902,A5087689916,middle
W4289317194,A5030105562,first
W4289357384,A5051231020,first
W4289530052,A5073267388,first
W4289530052,A5055624670,middle
W4289530052,A5066618689,last
W4289594398,A5059883724,first
W4289594398,A5088676572,last
W4289704669,A5064133173,last
W4289705624,A5076011183,first
W4289755868,A5039765869,first
W4289755882,A5087249405,first
W4289755882,A5067108150,last
W4289767750,A5049079274,first
W4289767917,A5014878307,middle
W4289767917,A5005107652,last
W4289768450,A5060335264,first
W4289784936,A5069417134,first
W4290660276,A5010332506,first
W4290721175,A5042339174,first
W4290805155,A5027992791,first
W4290839362,A5041522926,first
W4290851761,A5004137872,first
W4290851761,A5048986312,last
W4290888813,A5024801865,first
W4290888813,A5002402392,middle
W4290888813,A5091448222,last
W4290931605,A5038367848,first
W4290931605,A5014547244,middle
W4290931605,A5002837797,last
W4290949173,A5020601958,first
W4290996159,A5002916410,first
W4291010488,A5034694502,last
W4291131255,A5066945728,first
W4291131255,A5042138405,last
W4291139493,A5074738130,first
W4291139508,A5048799685,first
W4291140586,A5022699054,first
W4291145864,A5031703549,first
W4291145864,A5060498232,middle
W4291145864,A5023694897,middle
W4291145864,A5057237492,last
W4291202689,A5000728824,last
W4291450816,A5081570627,middle
W4291450816,A5088653883,last
W4291596201,A5018995708,first
W4291596201,A5038229891,middle
W4291596201,A5029764293,middle
W4291596201,A5038229891,last
W4291909718,A5087430927,first
W4291909718,A5090188734,last
W4291972574,A5043516209,first
W4291992618,A5042534092,last
W4292013536,A5090982699,first
W4292062941,A5043516209,first
W4292063379,A5083616737,first
W4292133594,A5048831651,middle
W4292212555,A5024342437,first
W4292212555,A5086445784,middle
W4292212555,A5055314785,last
W4292379739,A5047127072,first
W4292380017,A5047127072,first
W4292380331,A5047127072,first
W4292381376,A5047127072,first
W4292478246,A5059691207,first
W4292478246,A5090292269,middle
W4292478246,A5047254436,last
W4292615469,A5007202295,first
W4292702503,A5087094456,first
W4292739018,A5084774674,first
W4293034417,A5062540523,middle
W4293034417,A5041238460,middle
W4293034417,A5032107916,middle
W4293051570,A5038826119,first
W4293066099,A5083781406,first
W4293078038,A5024631382,first
W4293081982,A5047420777,first
W4293081982,A5036524273,last
W4293098132,A5088966490,last
W4293101635,A5082669557,middle
W4293116263,A5063230215,first
W4293124473,A5077490598,last
W4293187087,A5082039256,first
W4293196767,A5082115266,first
W4293200139,A5065065240,last
W4293202719,A5066507377,first
W4293203049,A5003303657,first
W4293203137,A5052123856,first
W4293203160,A5042489127,first
W4293209908,A5032491386,first
W4293214406,A5090201719,last
W4293226207,A5007930079,last
W4293234817,A5080381573,first
W4293234817,A5075855253,last
W4293241275,A5081402157,first
W4293251947,A5019847549,first
W4293295033,A5090586243,first
W4293373534,A5007347603,first
W4293425112,A5034269497,first
W4293560915,A5019078090,first
W4293560915,A5073191855,middle
W4293560915,A5022834676,middle
W4293571104,A5064684454,first
W4293578686,A5060023482,first
W4293653874,A5039127361,last
W4293660500,A5056468952,last
W4293701911,A5043558632,first
W4293737362,A5002309052,first
W4293753930,A5030612366,first
W4293755775,A5042201239,first
W4293774760,A5053661674,first
W4293791314,A5059847817,first
W4293791314,A5068188588,last
W4293791384,A5067612942,first
W4293835769,A5050821088,last
W4293875889,A5051442365,first
W4293879545,A5079139740,last
W4294000074,A5013803109,last
W4294096099,A5053071057,first
W4294096099,A5058980577,middle
W4294096099,A5039617603,middle
W4294096099,A5006380995,last
W4294233829,A5091633260,first
W4294237358,A5000604608,first
W4294266921,A5055158724,first
W4294281052,A5053051425,first
W4294322661,A5039780194,first
W4294322684,A5035957050,first
W4294323154,A5019773814,first
W4294323154,A5009859364,last
W4294343556,A5042816249,first
W4294343556,A5046214289,middle
W4294343556,A5084139328,last
W4294555495,A5077846534,first
W4294562632,A5049159900,first
W4294562632,A5090412543,middle
W4294562632,A5034892782,last
W4294690260,A5068617396,first
W4294769783,A5066238119,middle
W4294827481,A5081953839,first
W4294876600,A5010811315,first
W4294987839,A5082535573,first
W4294987839,A5075949977,middle
W4294987839,A5010610487,middle
W4294987839,A5025841244,middle
W4294987839,A5075933701,middle
W4294987839,A5070244456,middle
W4294987839,A5039065211,last
W4294988881,A5050326510,first
W4294988881,A5028561811,middle
W4294988881,A5042326674,middle
W4294988881,A5065850107,middle
W4294988881,A5082535573,middle
W4294988881,A5059371010,last
W4295096624,A5088510930,middle
W4295096624,A5015057910,last
W4295179048,A5036225419,first
W4295204282,A5031933061,first
W4295278619,A5079355657,middle
W4295278619,A5024832363,middle
W4295278619,A5072493928,middle
W4295278619,A5008340710,middle
W4295278619,A5052662749,middle
W4295278619,A5054729123,last
W4295278947,A5049986671,first
W4295278947,A5051056050,last
W4295720252,A5055677857,first
W4295935699,A5069880128,first
W4295935699,A5088047076,middle
W4295935699,A5030817992,middle
W4295935699,A5023805978,middle
W4295935699,A5090555662,middle
W4295935699,A5088407901,last
W4296051401,A5068780431,last
W4296061905,A5053228252,first
W4296193049,A5061275811,first
W4296243551,A5077520552,middle
W4296391764,A5037957285,last
W4296407668,A5005474942,first
W4296408213,A5050336403,middle
W4296482473,A5047518467,first
W4296487421,A5079449019,first
W4296487421,A5058052061,middle
W4296487421,A5082699990,last
W4296555984,A5017575081,first
W4296555984,A5002826926,middle
W4296555984,A5045000581,middle
W4296555984,A5069386414,last
W4296573035,A5040462263,middle
W4296573035,A5010855691,middle
W4296683296,A5054859587,last
W4296935260,A5054836329,middle
W4296935260,A5037900408,middle
W4296935323,A5037246481,first
W4297012798,A5034510270,first
W4297030192,A5018703681,first
W4297030192,A5076006520,last
W4297128787,A5051846412,first
W4297131651,A5067968369,first
W4297131651,A5011094307,middle
W4297131651,A5003714897,middle
W4297131651,A5005053622,middle
W4297131651,A5087421133,middle
W4297131651,A5005278470,middle
W4297131651,A5072229035,middle
W4297131651,A5089556008,last
W4297238761,A5026142151,middle
W4297238761,A5062975207,middle
W4297319642,A5011307781,first
W4297359067,A5062269201,first
W4297373825,A5032077464,first
W4297381125,A5050640792,first
W4297381125,A5004808296,last
W4297470976,A5017093934,first
W4297470976,A5015829118,middle
W4297471006,A5080389385,middle
W4297471006,A5085649470,middle
W4297471006,A5052383402,last
W4297474237,A5025576527,first
W4297510851,A5062151596,first
W4297624762,A5060859546,last
W4297634487,A5091538742,first
W4297662261,A5083894265,first
W4297662262,A5083081513,last
W4297665172,A5037010091,first
W4297668783,A5031115969,first
W4297687147,A5001099545,first
W4297687147,A5017113034,last
W4297727632,A5031390248,first
W4297795343,A5038015597,last
W4297803432,A5087185493,first
W4297811351,A5071417846,last
W4297828284,A5000254893,first
W4297828284,A5043891859,middle
W4297828284,A5013220803,middle
W4297877819,A5011801603,last
W4297878859,A5074650679,first
W4297879552,A5051766304,first
W4297879552,A5004065621,last
W4297893859,A5057086797,first
W4297894373,A5017093934,first
W4297894373,A5015829118,middle
W4297894654,A5019248564,first
W4297910338,A5019184322,first
W4297975952,A5042993096,first
W4297982667,A5077746237,first
W4297982667,A5076382765,middle
W4297982667,A5015497545,middle
W4297982667,A5063048617,middle
W4297982667,A5031377837,last
W4298006306,A5090575092,middle
W4298006353,A5035877653,first
W4298006353,A5031346097,last
W4298006370,A5070905463,middle
W4298006370,A5072959621,middle
W4298006370,A5077588011,middle
W4298006370,A5024760751,middle
W4298006370,A5090154356,middle
W4298006370,A5037458035,middle
W4298006370,A5081779569,middle
W4298006370,A5031573016,middle
W4298006370,A5052721526,middle
W4298006370,A5051303988,middle
W4298006370,A5053162819,middle
W4298006370,A5091182561,middle
W4298006370,A5047075558,middle
W4298006370,A5070406470,middle
W4298006370,A5009624220,middle
W4298006370,A5034827117,middle
W4298006370,A5020461757,middle
W4298006370,A5057101418,middle
W4298006370,A5081354922,middle
W4298006370,A5034131266,middle
W4298006370,A5072708726,middle
W4298006370,A5062331827,middle
W4298006370,A5077792516,middle
W4298006370,A5011486039,middle
W4298006370,A5064762981,middle
W4298006370,A5017493897,middle
W4298006370,A5037458035,middle
W4298006370,A5031579555,middle
W4298006370,A5017294637,middle
W4298006370,A5020401870,middle
W4298006370,A5015471990,middle
W4298006370,A5006152862,last
W4298042698,A5005977240,first
W4298042698,A5039774878,last
W4298124908,A5047228024,last
W4298305281,A5050260081,middle
W4298305281,A5000515802,last
W4298854908,A5085191745,first
W4298890423,A5005053622,first
W4298890423,A5087421133,middle
W4298890423,A5061796010,middle
W4298890423,A5072229035,middle
W4298890423,A5062718839,middle
W4298890423,A5001567075,middle
W4298890423,A5067968369,middle
W4298890423,A5008896099,middle
W4298890423,A5056577197,last
W4298922436,A5050590358,first
W4298922436,A5090193930,last
W4299311074,A5083288089,last
W4299347390,A5052267235,first
W4300029710,A5068270822,first
W4300060280,A5015930960,first
W4300127352,A5037053980,first
W4300127352,A5019377407,last
W4300427451,A5077686048,first
W4300541415,A5086432442,first
W4300716535,A5055629410,first
W4300863909,A5047228024,last
W4300864707,A5057086797,first
W4300919771,A5090241572,first
W4300964624,A5026768855,first
W4300964624,A5066454949,last
W4300988503,A5083288089,last
W4301154001,A5047127072,first
W4301185277,A5044545271,first
W4301185277,A5055324038,middle
W4301185277,A5084177841,middle
W4301185277,A5083548267,middle
W4301220774,A5009651001,first
W4301394686,A5003748925,first
W4301394686,A5016449762,middle
W4301394686,A5087675371,middle
W4301419260,A5075660600,first
W4301458080,A5026415278,first
W4301458080,A5049294255,last
W4301949582,A5068116911,first
W4301949582,A5011702824,middle
W4301949582,A5077852542,middle
W4301949582,A5069702292,last
W4302283689,A5089983776,last
W4302425979,A5049282010,middle
W4302425979,A5016137188,middle
W4302425979,A5080779586,last
W4302560083,A5051716064,first
W4302763336,A5017093934,first
W4302763336,A5015829118,middle
W4302791598,A5050070354,last
W4302812273,A5053443627,first
W4303414861,A5090486134,first
W4303427226,A5018917853,first
W4303427226,A5018149199,middle
W4303427226,A5081028407,last
W4303427235,A5016281585,first
W4303427235,A5062176770,middle
W4303427235,A5070588350,last
W4303471136,A5014830457,first
W4303578392,A5012705425,last
W4303936863,A5071164168,first
W4303936863,A5091802290,last
W4303970100,A5058283283,first
W4304127905,A5031064315,first
W4304127905,A5074541094,middle
W4304127905,A5043584224,last
W4304148441,A5037508525,first
W4304182531,A5047358602,first
W4304182531,A5004324716,last
W4304184874,A5016672798,last
W4304193616,A5087184682,first
W4304194010,A5088749621,first
W4304194010,A5060379654,middle
W4304194010,A5020918062,last
W4304204977,A5047239833,first
W4304205446,A5075314810,first
W4304587217,A5048849621,first
W4304783357,A5034070494,first
W4304808092,A5032826979,middle
W4304808092,A5057616298,last
W4304808934,A5083407220,last
W4304845714,A5064557348,middle
W4306147322,A5057889507,middle
W4306147322,A5032712254,middle
W4306147322,A5045300152,middle
W4306147322,A5027201561,middle
W4306147342,A5057889507,middle
W4306147342,A5032712254,middle
W4306147342,A5045300152,middle
W4306147342,A5027201561,middle
W4306166974,A5069077848,first
W4306166974,A5005647308,middle
W4306166974,A5079278513,middle
W4306166974,A5045654831,middle
W4306253152,A5053131261,first
W4306658377,A5082707649,first
W4306704278,A5001203232,first
W4306754739,A5064153206,middle
W4306754739,A5073167216,middle
W4306754739,A5073609818,last
W4306790068,A5012631104,first
W4306790068,A5068673078,last
W4306857272,A5018413986,first
W4306980256,A5049422599,first
W4306986301,A5041183352,first
W4306986301,A5047797354,middle
W4307002232,A5048928683,first
W4307002232,A5061053956,middle
W4307015188,A5010432181,first
W4307015188,A5022519243,last
W4307015191,A5009247867,first
W4307015390,A5023856398,first
W4307015390,A5040723835,middle
W4307015390,A5088547215,middle
W4307015390,A5074798146,middle
W4307015390,A5025918292,last
W4307018380,A5038968747,first
W4307020218,A5062101791,last
W4307020225,A5001960236,first
W4307020225,A5059613366,middle
W4307045181,A5072011650,first
W4307045181,A5025093120,middle
W4307045181,A5060087908,last
W4307050688,A5068395409,first
W4307053067,A5085942072,first
W4307160984,A5060134873,first
W4307160984,A5047962284,middle
W4307162734,A5002099353,middle
W4307162734,A5022725256,last
W4307162738,A5037964126,first
W4307162738,A5020575565,middle
W4307162738,A5088898221,middle
W4307162738,A5027026630,last
W4307162746,A5051625817,middle
W4307162746,A5003130376,last
W4307162807,A5041513099,first
W4307162807,A5037356814,middle
W4307162807,A5061118472,middle
W4307162807,A5089813194,last
W4307163661,A5051164845,first
W4307163661,A5010516560,last
W4307218819,A5018655950,first
W4307223752,A5018293076,last
W4307242248,A5044339031,first
W4307242634,A5028160887,first
W4307247854,A5087735486,first
W4307247854,A5034411952,last
W4307299954,A5051506747,first
W4307299954,A5061459557,last
W4307333387,A5054991438,first
W4307365127,A5002054363,last
W4307366495,A5013756042,first
W4307508520,A5004458037,first
W4307508520,A5051863970,middle
W4307510958,A5057205660,first
W4307592482,A5052583192,first
W4307688782,A5086446639,middle
W4307693412,A5043266258,last
W4307715661,A5085688325,first
W4307831476,A5076269668,first
W4307831482,A5088634729,first
W4307936369,A5008063954,first
W4307964081,A5001872371,first
W4307964081,A5040331640,middle
W4307964081,A5084575366,middle
W4307964081,A5043933501,last
W4307977427,A5084143754,first
W4307988317,A5086420032,first
W4308044516,A5065258916,first
W4308047918,A5061607174,first
W4308067673,A5079171037,first
W4308067899,A5072050384,first
W4308073251,A5016547705,first
W4308073251,A5029564431,middle
W4308194750,A5000093771,last
W4308207600,A5037844938,first
W4308207600,A5071046303,middle
W4308207600,A5058649592,middle
W4308215689,A5030914645,first
W4308215689,A5067484163,last
W4308267570,A5032291825,first
W4308267570,A5059762554,middle
W4308267570,A5069681638,middle
W4308267570,A5048887908,middle
W4308267570,A5065635061,middle
W4308267570,A5077394320,middle
W4308267570,A5089916092,middle
W4308325149,A5081545838,first
W4308325149,A5057941088,last
W4308358089,A5082743088,first
W4308439888,A5060455995,first
W4308558128,A5029477698,first
W4308558128,A5051536816,middle
W4308558128,A5018663904,middle
W4308558128,A5051371191,last
W4308573967,A5056514678,middle
W4308599644,A5026494217,first
W4308616677,A5040600850,first
W4308616677,A5022792304,middle
W4308616677,A5037718363,last
W4308616752,A5085826723,middle
W4308616752,A5054915025,middle
W4308657561,A5069103926,first
W4308661304,A5019247393,last
W4308786206,A5014139163,first
W4308804567,A5041965663,first
W4308859854,A5088732717,first
W4308859854,A5077033716,middle
W4308859854,A5077264814,middle
W4308859854,A5048941278,middle
W4308859854,A5072246478,middle
W4308860131,A5037464371,middle
W4308871221,A5070039497,first
W4308960870,A5083370047,first
W4308960870,A5023614722,middle
W4308960870,A5074990253,middle
W4308960870,A5059468677,last
W4309024060,A5076902903,first
W4309024060,A5065995328,middle
W4309024060,A5069931149,last
W4309037188,A5066691821,first
W4309116967,A5042676602,first
W4309121631,A5012964117,first
W4309126393,A5068653719,first
W4309126393,A5079162388,middle
W4309126393,A5074415149,last
W4309138646,A5017983243,first
W4309139967,A5077585779,first
W4309152890,A5000163140,first
W4309168525,A5070022100,first
W4309171837,A5049977483,first
W4309171837,A5080806857,middle
W4309175907,A5039152554,first
W4309183493,A5066497689,first
W4309207796,A5035789108,first
W4309207796,A5028837234,last
W4309238563,A5024765954,middle
W4309238563,A5028672283,middle
W4309238563,A5079156442,middle
W4309238563,A5003695482,middle
W4309238563,A5054983918,middle
W4309238563,A5026049277,middle
W4309285446,A5033228504,middle
W4309285446,A5029376687,middle
W4309303571,A5049180880,first
W4309417200,A5065880809,first
W4309642569,A5085720726,middle
W4309642569,A5034416673,middle
W4309642569,A5015638101,middle
W4309689678,A5086227422,first
W4309689678,A5045333916,middle
W4309689678,A5018879530,middle
W4309689678,A5065664393,last
W4309722194,A5090459863,first
W4309789979,A5004702639,first
W4309789979,A5080517061,last
W4309818148,A5087769508,first
W4309885810,A5025079893,first
W4309924333,A5084517393,last
W4309925977,A5091261479,first
W4310005702,A5046388029,first
W4310005702,A5067756783,last
W4310086080,A5049581013,first
W4310208929,A5076613408,last
W4310219840,A5053595174,first
W4310258356,A5084760044,first
W4310258356,A5012751277,middle
W4310258356,A5077725307,last
W4310289335,A5025079893,first
W4310289645,A5087789096,last
W4310337827,A5080659456,first
W4310365511,A5082931010,middle
W4310365511,A5079507196,middle
W4310365511,A5001841462,middle
W4310365511,A5018352050,middle
W4310447721,A5049794636,first
W4310447721,A5043744703,middle
W4310447721,A5000852304,last
W4310447789,A5091153175,first
W4310484867,A5015918473,first
W4310522946,A5010686770,last
W4310538310,A5052854882,last
W4310538348,A5034401995,first
W4310544943,A5088121030,first
W4310544943,A5008608844,last
W4310555237,A5015874846,first
W4310562923,A5017015371,first
W4310562923,A5074028047,middle
W4310562923,A5026440129,last
W4310607939,A5001804445,first
W4310607939,A5039395705,middle
W4310607939,A5039157343,middle
W4310607939,A5005380046,middle
W4310663917,A5077028946,first
W4310685042,A5063257512,first
W4310688324,A5063257512,first
W4310740244,A5046067887,last
W4310836352,A5055803695,first
W4310837022,A5062808804,first
W4310837022,A5050155057,middle
W4310837022,A5041317031,last
W4310887626,A5043525832,first
W4310887626,A5044520390,middle
W4310887626,A5022499603,middle
W4310887626,A5059682113,last
W4310920737,A5084296958,first
W4310936970,A5051882470,last
W4310937220,A5001191095,first
W4311179978,A5085356362,first
W4311179978,A5080071505,middle
W4311179978,A5001891679,last
W4311192954,A5082942970,first
W4311192954,A5081488002,middle
W4311192954,A5021423259,middle
W4311192954,A5038089771,middle
W4311192954,A5024937403,last
W4311221115,A5065964368,first
W4311254143,A5026917463,first
W4311254143,A5051735385,last
W4311315140,A5012657126,first
W4311364200,A5070050188,last
W4311428099,A5040649737,first
W4311428099,A5047517734,middle
W4311428099,A5055126024,last
W4311455491,A5006020989,first
W4311837056,A5030303318,first
W4311837056,A5086489846,middle
W4311837056,A5054323140,middle
W4311837056,A5039448568,last
W4311916874,A5050472519,first
W4311916874,A5086227422,middle
W4311916874,A5036917415,middle
W4312062462,A5084841425,middle
W4312062462,A5044575628,middle
W4312062462,A5021189595,middle
W4312062462,A5028841766,middle
W4312070495,A5049442510,first
W4312070495,A5059106198,middle
W4312070495,A5053529913,last
W4312075304,A5090076949,first
W4312075480,A5021032736,first
W4312098693,A5064558691,first
W4312100894,A5062603092,first
W4312100894,A5005608617,middle
W4312100894,A5063937090,middle
W4312108444,A5074043119,first
W4312108444,A5021318666,middle
W4312108444,A5051775576,middle
W4312108444,A5088421834,middle
W4312108444,A5074855142,middle
W4312108444,A5080684526,middle
W4312108444,A5015497735,middle
W4312108444,A5049060207,middle
W4312108444,A5040931051,middle
W4312108444,A5014622209,middle
W4312108444,A5064899958,middle
W4312108444,A5055825796,middle
W4312108444,A5017063207,middle
W4312108444,A5080506704,middle
W4312108444,A5050250709,middle
W4312108444,A5054482000,last
W4312110366,A5044871979,last
W4312123772,A5014902200,first
W4312202434,A5045979754,first
W4312213983,A5072730160,first
W4312213983,A5059417499,middle
W4312213983,A5045533691,middle
W4312213983,A5067904237,last
W4312229003,A5071869723,first
W4312260527,A5071395987,first
W4312273741,A5026436576,first
W4312294323,A5047751087,first
W4312294323,A5042509798,last
W4312309169,A5003054445,first
W4312309169,A5041126305,last
W4312325421,A5028010633,first
W4312325421,A5032303971,middle
W4312325421,A5045451899,middle
W4312325421,A5035185207,middle
W4312325421,A5068784243,middle
W4312325421,A5051560432,middle
W4312325421,A5054614056,middle
W4312325421,A5039639553,middle
W4312325421,A5035229829,last
W4312334669,A5007263121,middle
W4312337759,A5033957148,first
W4312350805,A5081715462,middle
W4312350805,A5009164482,last
W4312363074,A5088933304,first
W4312370833,A5079607689,first
W4312400304,A5085737109,first
W4312419229,A5038968747,first
W4312423546,A5079997042,middle
W4312423546,A5061858830,middle
W4312439670,A5074354524,first
W4312445881,A5004949089,first
W4312445881,A5038303490,middle
W4312445881,A5022206787,middle
W4312445881,A5031376214,middle
W4312468557,A5035903147,first
W4312468557,A5043293107,middle
W4312497903,A5015231342,first
W4312517352,A5071072829,first
W4312527657,A5087984117,first
W4312543658,A5001987120,first
W4312543658,A5056674193,middle
W4312543658,A5087403589,last
W4312545342,A5054776685,first
W4312545342,A5002515415,middle
W4312545342,A5048650003,last
W4312547651,A5013612587,first
W4312547651,A5009913466,middle
W4312547651,A5004583586,last
W4312557030,A5086513981,last
W4312590418,A5051128033,first
W4312590418,A5091077877,last
W4312597897,A5081603363,first
W4312607148,A5018293076,last
W4312641862,A5061205700,first
W4312642959,A5034869155,first
W4312659197,A5069749526,first
W4312671479,A5022812128,last
W4312687085,A5046460155,first
W4312708384,A5049719821,middle
W4312740924,A5042022332,first
W4312743120,A5059510718,first
W4312748775,A5026863248,first
W4312748775,A5054223596,middle
W4312748775,A5088010561,middle
W4312748775,A5010667333,last
W4312748988,A5062640393,first
W4312748988,A5052912495,middle
W4312748988,A5074682563,middle
W4312748988,A5001906248,last
W4312761762,A5078015739,first
W4312769672,A5029702945,first
W4312785352,A5004504401,first
W4312785352,A5038968747,last
W4312804689,A5038514283,first
W4312804689,A5021226854,middle
W4312804689,A5027063601,middle
W4312804689,A5014071998,middle
W4312804689,A5038352672,last
W4312805213,A5082931010,middle
W4312805213,A5079507196,middle
W4312805213,A5001841462,middle
W4312805213,A5018352050,middle
W4312853411,A5000736647,first
W4312853411,A5013968002,middle
W4312853411,A5075202152,last
W4312864082,A5066170610,first
W4312874848,A5051655816,first
W4312893408,A5014194668,last
W4312894196,A5027144414,first
W4312895364,A5037957162,first
W4312901919,A5086903406,first
W4312907469,A5020350489,first
W4312910626,A5053418619,last
W4312915866,A5052375313,first
W4312940634,A5000692668,first
W4312941604,A5069339219,last
W4312960779,A5071394525,first
W4312960779,A5061349533,middle
W4312960779,A5086240513,middle
W4312960779,A5013513472,middle
W4312960779,A5027647989,middle
W4312960779,A5061987881,middle
W4312960779,A5047478391,middle
W4312960779,A5014071324,middle
W4312960779,A5083031501,middle
W4312960779,A5090754516,middle
W4312960779,A5081457786,middle
W4312960779,A5062817658,middle
W4312960779,A5040345611,middle
W4312960779,A5001047965,middle
W4312960779,A5028167332,middle
W4312960779,A5056183585,middle
W4312960779,A5029791462,middle
W4312960779,A5017670865,middle
W4312984273,A5072097912,first
W4312984273,A5068238263,middle
W4312988308,A5057812778,first
W4313034319,A5015201403,first
W4313034319,A5078071076,last
W4313054385,A5068929303,first
W4313054385,A5059350995,last
W4313055190,A5028991961,first
W4313133239,A5084818517,first
W4313134406,A5052837659,first
W4313135766,A5087451137,first
W4313135766,A5018293076,last
W4313137462,A5065453511,first
W4313137462,A5061779849,last
W4313142949,A5087269965,first
W4313165243,A5057236263,first
W4313194709,A5088213581,first
W4313194709,A5036723055,last
W4313213590,A5018743213,first
W4313229644,A5082645155,first
W4313305036,A5012076939,first
W4313319913,A5091303548,middle
W4313319913,A5052875541,last
W4313340683,A5056113267,first
W4313342210,A5069056960,first
W4313342210,A5034884554,middle
W4313342210,A5037033209,last
W4313344165,A5061154684,first
W4313347089,A5031523805,first
W4313347089,A5043023909,last
W4313350938,A5069105726,last
W4313351306,A5057445936,middle
W4313363933,A5085820919,middle
W4313377169,A5046231667,first
W4313389383,A5053661846,first
W4313458337,A5019417534,last
W4313566181,A5021885964,first
W4313838903,A5001957639,first
W4313906857,A5051424553,first
W4316083686,A5021703530,first
W4316083686,A5017690308,middle
W4316083686,A5004443239,middle
W4316618138,A5047433672,first
W4316618138,A5018219517,middle
W4316618138,A5083242778,middle
W4316618138,A5056451895,middle
W4316618138,A5072549677,last
W4317929432,A5019789453,first
W4317933571,A5052247363,first
W4318010049,A5053321509,middle
W4318010049,A5006601026,last
W4318036509,A5089287019,last
W4318061287,A5080150914,middle
W4318061467,A5080947740,first
W4318062841,A5011159213,middle
W4318064391,A5088828226,first
W4318064391,A5069028014,middle
W4318214774,A5016500348,first
W4318219261,A5082375850,last
W4318252413,A5037296331,first
W4318252413,A5015429557,last
W4318457055,A5091190256,first
W4318457055,A5056246386,last
W4318471798,A5019789453,first
W4318692578,A5006970579,middle
W4318968398,A5012064590,first
W4318968398,A5002598775,middle
W4318968398,A5008319000,last
W4319430128,A5086566321,last
W4319721261,A5074382075,first
W4320022344,A5013661099,first
W4320029294,A5016533450,first
W4320029294,A5004020952,last
W4320030032,A5016317854,first
W4320083934,A5039218382,first
W4320156311,A5034635089,first
W4320157747,A5002326217,first
W4320157747,A5013510638,last
W4320472582,A5027492662,first
W4320538845,A5025174829,first
W4320538845,A5050700493,last
W4320828778,A5061986328,first
W4320828778,A5073056629,middle
W4320828778,A5021670753,last
W4320927188,A5080596920,first
W4320927188,A5055895817,middle
W4320927188,A5008616263,middle
W4320927188,A5074242042,last
W4321061869,A5091103447,first
W4321266011,A5077604183,middle
W4321266011,A5006902577,middle
W4321266011,A5018540993,middle
W4321266011,A5005506314,middle
W4321477148,A5033880574,first
W4321636002,A5091103447,first
W4322756247,A5000717022,first
W4323646467,A5045152457,middle
W4323646467,A5080090313,middle
W4323646467,A5031226789,middle
W4323646467,A5004135810,middle
W4323646467,A5071169193,middle
W4323646467,A5068558409,middle
W4323646467,A5042283840,last
W4323910107,A5079699406,first
W4324111661,A5030946609,middle
W4324111661,A5056321982,middle
W4324111661,A5090655639,last
W4324126120,A5042249115,first
W4327640397,A5091103447,first
W4327875292,A5050001967,first
W4327875292,A5074034743,last
W4361016287,A5068708748,first
W4361733543,A5079866522,first
W4361975453,A5059389358,first
W4362565469,A5004916053,first
W4362686449,A5065763841,first
W4365800907,A5087746924,last
W4367331174,A5050566206,first
W4368251874,A5010432592,last
W4368319224,A5089954758,first
W4368319224,A5047609606,middle
W4368319224,A5087120683,last
W4368319456,A5018530825,first
W4368319456,A5025481894,last
W977502370,A5012465840,first
W977502370,A5057645290,last
