citing,cited,year
W4210968171,W4238160257,2019
W2745007981,W1564897360,2017
W2745007981,W2485992890,2017
W4206530644,W2736618479,2020
W4206530644,W2885549115,2020
W2565989828,W1626155273,2018
W4211152370,W3100985534,2018
W2974922583,W1507957806,2020
W2974922583,W4235051201,2020
W4211020619,W2976263363,2018
W2462494186,W2797148637,2020
W608690979,W2170204850,2017
W3011423189,W3011423189,2020
W4210956211,W2492307338,2019
W1587040139,W1963854724,2017
W4211232156,W1530669711,2019
W4211232156,W2115295158,2019
W4211232156,W2519764047,2019
W4211232156,W2756411094,2019
W4211232156,W3144728342,2019
W4211232156,W4244512132,2019
W4211164456,W4233601237,2020
W4211164456,W4250532101,2020
W2949868354,W2557283755,2019
W2949868354,W2963007936,2019
W3014713798,W2897541496,2020
W2752134738,W2546879872,2019
W2752134738,W2557283755,2019
W2975317124,W2794908222,2021
W2807380903,W1530652428,2016
W2807380903,W1557800269,2016
W2807380903,W2899417759,2016
W4211189291,W3001991410,2020
W2508797660,W1539812191,2016
W2757291580,W2557283755,2020
W2757291580,W2606089314,2020
W2943731141,W4232483202,2020
W2609532991,W2494873165,2020
W4211264793,W1596721197,2018
W4200302993,W2773050805,2021
W4200302993,W3000677638,2021
W4210953053,W2807380903,2018
W4210953053,W4251844476,2018
W4211070031,W4211263231,2020
W2753034999,W1487104801,2018
W2753034999,W2479648088,2018
W2795663299,W594020929,2018
W4285346046,W4285346046,2021
W4211072535,W2883393582,2020
W4211072535,W2897765576,2020
W4256327235,W2972608335,2020
W4256327235,W4211152370,2020
W4256327235,W4256327235,2020
W3132075138,W425217054,2021
W2001120275,W3141440481,2016
W2890284466,W1501111391,2018
W2890284466,W2755836521,2018
W2772423203,W608690979,2017
W2887851234,W624196016,2018
W2887851234,W2515794453,2018
W3094098325,W4255885670,2020
W4210953024,W2115295158,2016
W3014368292,W2404883146,2020
W3014368292,W2557455923,2020
W3082851515,W2557283755,2021
W3082851515,W3103543904,2021
W2765266961,W2884189748,2017
W2773161892,W1596721197,2018
W3005295096,W2898559087,2018
W3005295096,W3005295096,2018
W3005295096,W4253345053,2018
W4211100478,W4211100478,2018
W4253345053,W2898559087,2018
W4253345053,W3005295096,2018
W4253345053,W4253345053,2018
W4211241391,W4237594283,2020
W2898559087,W2898559087,2018
W2898559087,W3005295096,2018
W2898559087,W4253345053,2018
W3088218728,W3088218728,2020
W4211177483,W4211177483,2020
W4211177483,W4235051201,2020
W4254104735,W3111763185,2021
W4254104735,W4254104735,2021
W3111763185,W2898559087,2020
W3111763185,W3005295096,2020
W3111763185,W3111763185,2020
W3111763185,W4253345053,2020
W2917565325,W2963007936,2019
W3013458522,W2886195809,2020
W3141933633,W2948361208,2021
W3141933633,W3025261211,2021
W3141933633,W3093225372,2021
W3141933633,W3141933633,2021
W3141933633,W4235724205,2021
W3141933633,W4241166696,2021
W4233319239,W3127687870,2021
W4233319239,W4233319239,2021
W2890916528,W2976263363,2018
W3211925674,W3211925674,2021
W4206643633,W2579902284,2021
W4206643633,W2891696188,2021
W4206643633,W4206643633,2021
W4206643633,W4233624006,2021
W4210242600,W2896556344,2021
W4210242600,W2953343412,2021
W4210242600,W3159754263,2021
W4210242600,W4205910419,2021
W4210931193,W2930789748,2022
W4210931193,W4210931193,2022
W4211174396,W2518701514,2019
W4206569879,W3011423189,2021
W4206569879,W4206569879,2021
W4241156961,W4211100478,2020
W4241156961,W4241156961,2020
W3013506520,W1531910981,2020
W3013506520,W2478103054,2020
W3013506520,W2968584812,2020
W4233624006,W4233624006,2021
W3025261211,W2948361208,2020
W3025261211,W3025261211,2020
W4206107469,W4206107469,2021
W4206107469,W4235019172,2021
W4214894498,W4211100478,2020
W4214894498,W4214894498,2020
W4214894498,W4241156961,2020
W2477553415,W2510650415,2016
W2477553415,W2797148637,2016
W2495825432,W1592847587,2016
W2948361208,W2948361208,2019
W3089716856,W2907480184,2020
W3089887403,W3089887403,2020
W3160730739,W2896556344,2021
W3160730739,W2953343412,2021
W3160730739,W3159754263,2021
W4214911502,W2968572135,2022
W4214911502,W4211100478,2022
W4214911502,W4214894498,2022
W4214911502,W4214911502,2022
W4214911502,W4241156961,2022
W4221027866,W4206713900,2022
W4221027866,W4221027866,2022
W2510650415,W2477553415,2016
W2510650415,W2797148637,2016
W3081655661,W1496803166,2020
W4206305733,W2426005664,2021
W4206305733,W2800431972,2021
W4281983124,W4281983124,2022
W4293870385,W4293870385,2022
W2395053085,W2797148637,2016
W2596705107,W2763162295,2017
W2765301887,W2557283755,2017
W2889020420,W2553045568,2018
W2945488102,W2890156809,2019
W3093225372,W2948361208,2020
W3093225372,W3025261211,2020
W3093225372,W3093225372,2020
W3093225372,W4235724205,2020
W3093225372,W4241166696,2020
W3099854276,W3099854276,2020
W3099854276,W3100535814,2020
W3127687870,W3127687870,2021
W3137498270,W3089716856,2021
W3137498270,W3111251285,2021
W3137498270,W3137498270,2021
W3137498270,W4206140326,2021
W3137498270,W4211164359,2021
W4205933753,W2781302587,2021
W4206508063,W2497633600,2021
W4206508063,W3000677638,2021
W4206508063,W4235019172,2021
W2154664465,W1557615392,2020
W2154664465,W2797148637,2020
W2885965553,W1626155273,2018
W2947015376,W2890156809,2019
W2974321032,W2963007936,2019
W2997486371,W2797148637,2019
W3199619130,W3199619130,2021
W4205173774,W4205173774,2020
W4205173774,W4211152370,2020
W4205173774,W4256327235,2020
W4210971297,W4210971297,2019
W4213433489,W2948361208,2022
W4213433489,W3025261211,2022
W4213433489,W3093225372,2022
W4213433489,W3141933633,2022
W4213433489,W4213433489,2022
W4213433489,W4235724205,2022
W4213433489,W4241166696,2022
W4214823418,W4205173774,2022
W4214823418,W4210827195,2022
W4214823418,W4214823418,2022
W4214823418,W4256327235,2022
W2806755432,W652129109,2018
W2956193537,W2956193537,2019
W2962567350,W2395053085,2019
W3111251285,W2799252691,2020
W3111251285,W2950867735,2020
W4205954251,W4205954251,2021
W4211202360,W2519764047,2020
W4211202360,W2778195513,2020
W4211202360,W2795471550,2020
W4211202360,W2809614265,2020
W4211202360,W4245252652,2020
W4211202360,W4249061834,2020
W4211202360,W4251048456,2020
W4211202360,W4251844476,2020
W4294363373,W2764025117,2022
W4294363373,W4206508063,2022
W4294363373,W4235019172,2022
W4294363373,W4282940792,2022
W4294363373,W4294363373,2022
W4323270096,W4214894498,2023
W4323270096,W4214911502,2023
W4323270096,W4241156961,2023
W4323270096,W4323270096,2023
W2410833062,W1608725739,2016
W2419090659,W608690979,2016
W2801504091,W2511200736,2018
W2944455353,W1527571715,2021
W3037396094,W3037396094,2020
W3134588108,W639949082,2020
W4206013095,W2587865575,2022
W4206013095,W2601722430,2022
W4206013095,W2981803686,2022
W4206013095,W4206013095,2022
W4206013095,W4206569879,2022
W4293637532,W4281983124,2022
W4293637532,W4293637532,2022
W2750349090,W2285786022,2017
W2799288525,W2487492866,2018
W2938895942,W2936035089,2019
W3012207768,W2908936173,2020
W3095327854,W85072216,2021
W3095327854,W1193630639,2021
W3108125187,W2553045568,2020
W3108125187,W2889020420,2020
W3108125187,W2890156809,2020
W3108125187,W2945488102,2020
W3108125187,W2947015376,2020
W3108125187,W2966564104,2020
W3134800109,W2886189420,2021
W3134800109,W3141505394,2021
W3162285808,W2778467034,2021
W3162285808,W2884226563,2021
W3162285808,W3162285808,2021
W3162285808,W4294928850,2021
W4243163375,W4243163375,2020
W4282940792,W4200302993,2022
W4282940792,W4206107469,2022
W4282940792,W4206508063,2022
W4282940792,W4282940792,2022
W4283582353,W3026800966,2022
W4283582353,W4205173774,2022
W4283582353,W4210827195,2022
W4283582353,W4214823418,2022
W4283582353,W4256327235,2022
W4283582353,W4283582353,2022
W2098708840,W1833734651,2020
W2475879821,W2797148637,2016
W3028901943,W2557283755,2020
W3028901943,W2883393582,2020
W3028901943,W2884745705,2020
W3028901943,W2897765576,2020
W3153736266,W2889997036,2021
W3153736266,W3043829578,2021
W3157588291,W3141440481,2018
W4200234245,W4200234245,2021
W4205783774,W4205783774,2021
W4210910835,W2606776062,2022
W4210910835,W4206530644,2022
W4210910835,W4251857164,2022
W4286615856,W2891381594,2022
W4286615856,W4286615856,2022
W4289517407,W4289517407,2022
W4297471009,W4297471009,2022
W4311114154,W4311114154,2022
W4311114154,W4321605251,2022
W2510188992,W2115295158,2016
W2610994310,W2804439268,2018
W2911829831,W2489334268,2019
W2971774262,W2890795278,2020
W2971774262,W2912641090,2020
W3129385364,W2594842393,2020
W4207074020,W2790414966,2021
W4207074020,W3025029543,2021
W4211194325,W2620867814,2019
W4226064673,W3108874946,2022
W4283171191,W4283171191,2022
W4285654448,W4205173774,2022
W4285654448,W4210827195,2022
W4285654448,W4211152370,2022
W4285654448,W4214823418,2022
W4285654448,W4256327235,2022
W4285654448,W4283582353,2022
W4285654448,W4285654448,2022
W4293066557,W3081655661,2022
W4293066557,W4210971297,2022
W4293066557,W4293066557,2022
W4316020883,W4316020883,2023
W4316927573,W4316927573,2023
W4360603255,W4229985423,2023
W4360603255,W4360603255,2023
W2477617092,W2076808107,2016
W2763619304,W1480083809,2017
W2793618135,W2905389082,2018
W2805642966,W565263165,2016
W2805642966,W603187912,2016
W2807012296,W374166679,2016
W2807714571,W2904257782,2018
W2904549650,W425217054,2018
W2943105260,W2531063972,2019
W2976814901,W2397481274,2019
W2990285203,W2755836521,2019
W2990307548,W2947015376,2019
W3014811620,W2498485460,2020
W3108740759,W1527571715,2021
W3108740759,W2908882439,2021
W3139503867,W4211166142,2021
W3139503867,W4239464459,2021
W4210585488,W4210585488,2022
W4210966361,W2115295158,2018
W4291000437,W4291000437,2022
W4307831481,W2558968108,2022
W4307831481,W2909929065,2022
W4309100662,W4309100662,2022
W4315777394,W3093225372,2023
W4315777394,W3141933633,2023
W4315777394,W4213433489,2023
W4315777394,W4235724205,2023
W4315777394,W4241166696,2023
W4315777394,W4315777394,2023
W4315777394,W4316927552,2023
W4317376189,W4317376189,2023
W4318023074,W4318023074,2023
W4318275343,W2928787164,2023
W4318275343,W4318275343,2023
W4321605251,W1130053141,2023
W4321605251,W4311114154,2023
W4321605251,W4321605251,2023
W4323657419,W4316927573,2023
W4323657419,W4323657419,2023
W4367837770,W3015589472,2023
W4367837770,W4211100478,2023
W4367837770,W4214894498,2023
W4367837770,W4214911502,2023
W4367837770,W4241156961,2023
W4367837770,W4323270096,2023
W2147985459,W2462494186,2020
W2474873497,W1557615392,2016
W2530982676,W1527571715,2016
W2765569755,W2475879821,2017
W2792727857,W1527571715,2018
W2908198215,W1530652428,2021
W2908198215,W2115295158,2021
W2908982320,W1501111391,2021
W2944659054,W589316553,2019
W2949909174,W2518701514,2019
W2952267596,W1509480442,2019
W2953019974,W2593738417,2019
W3004836362,W2945698053,2020
W3005162495,W2519764047,2020
W3033692628,W2587162273,2020
W3043829578,W2889997036,2020
W3045024273,W2774123141,2020
W3045024273,W2908425202,2020
W3164219428,W3103051324,2021
W4206376519,W2970607986,2021
W4211071417,W1870624945,2021
W4211159636,W2774123141,2020
W4211159636,W2908425202,2020
W4221084078,W3027202064,2022
W4221084078,W4230655986,2022
W4281565204,W3081655661,2022
W4281565204,W4210971297,2022
W4281565204,W4281565204,2022
W4281565204,W4293066557,2022
W4284899960,W3089716856,2022
W4284899960,W3111251285,2022
W4284899960,W3137498270,2022
W4284899960,W4206140326,2022
W4284899960,W4284899960,2022
W4307423108,W4307423108,2022
W4316927552,W3025261211,2023
W4316927552,W3093225372,2023
W4316927552,W3141933633,2023
W4316927552,W4213433489,2023
W4316927552,W4235724205,2023
W4316927552,W4241166696,2023
W4319263865,W4200312168,2023
W4319263865,W4319263865,2023
W4324029532,W4205207617,2023
W4324029532,W4324029532,2023
W803405787,W172918197,2016
W803405787,W1541330760,2016
W2339939177,W581920082,2021
W2598209459,W2606646530,2017
W2740666322,W2497851293,2017
W2883632290,W2890458042,2018
W2945425804,W2297716127,2019
W2950423668,W2797148637,2019
W2970978489,W1667574996,2019
W2978601369,W2895670599,2018
W2979428753,W2797148637,2017
W2991189205,W2766235398,2019
W3000475448,W2752879988,2020
W3004800887,W2968200530,2019
W3012845650,W2531512765,2020
W3012845650,W2940794045,2020
W3016276621,W2559839022,2020
W3024050673,W2487492866,2020
W3025741639,W1592847587,2020
W3040545425,W2752134738,2019
W3083793420,W2521752368,2021
W3085051043,W2767358434,2020
W3090656867,W2557283755,2020
W3090656867,W2896556344,2020
W3092865401,W2890284466,2020
W3107912269,W2791200943,2021
W3119110824,W626427215,2021
W3119110824,W1531910981,2021
W3119110824,W2277479758,2021
W3120255383,W2284317867,2021
W3121827802,W2581880757,2021
W3121827802,W2784119346,2021
W3124350143,W2476903358,2021
W3126174526,W2971347193,2021
W3130505069,W3094125674,2021
W3134452474,W2486285194,2021
W3134452474,W2490627155,2021
W3134452474,W3112702808,2021
W3154427042,W1910401515,2021
W3155490963,W2797148637,2021
W3156024145,W2553045568,2021
W3156024145,W2889020420,2021
W3156024145,W2890156809,2021
W3156024145,W2945488102,2021
W3156024145,W2947015376,2021
W3156024145,W2966564104,2021
W3156024145,W3108125187,2021
W3156390394,W1530215515,2021
W3177848453,W1596721197,2022
W3177848453,W2557283755,2022
W3177848453,W2896556344,2022
W3193384960,W2557283755,2021
W3194646883,W1480083809,2021
W3194646883,W2579902284,2021
W3194646883,W2891696188,2021
W3200177911,W2553045568,2021
W3200177911,W2889020420,2021
W3200177911,W2890156809,2021
W3200177911,W2945488102,2021
W3200177911,W2947015376,2021
W3200177911,W2966564104,2021
W3200177911,W3108125187,2021
W3208890437,W2768258883,2021
W3209863062,W2767544505,2021
W3209863062,W2789832915,2021
W3209863062,W2965889227,2021
W3209863062,W3000677638,2021
W3215236952,W2553045568,2021
W3215236952,W2889020420,2021
W3215236952,W2890156809,2021
W3215236952,W2945488102,2021
W3215236952,W2947015376,2021
W3215236952,W2966564104,2021
W3215236952,W3108125187,2021
W4205465645,W2784119346,2021
W4205465645,W4211050732,2021
W4211253461,W2807380903,2020
W4211253461,W4251048456,2020
W4213134026,W3089716856,2022
W4213134026,W3111251285,2022
W4213134026,W3137498270,2022
W4213134026,W4206140326,2022
W4213134026,W4211164359,2022
W4221026380,W4245577683,2022
W4226081137,W2263287873,2022
W4283275621,W2343930661,2022
W4286488967,W4211100478,2022
W4286488967,W4214894498,2022
W4286488967,W4214911502,2022
W4286488967,W4241156961,2022
W4297811351,W2794362071,2022
W4307831476,W3038150854,2022
W4309285446,W2889997036,2022
W4309285446,W3153736266,2022
W4312108444,W1947595544,2022
W4321266011,W3214201676,2022
W4327841970,W2970629157,2023
W4327917888,W2968572135,2023
W4327917888,W4214894498,2023
W4327917888,W4214911502,2023
W4327917888,W4239198127,2023
W4327917888,W4241156961,2023
W4327917888,W4256386016,2023
W4327917888,W4323270096,2023
W4361220986,W4237665057,2023
W4362237250,W2476153691,2023
W4362237250,W4211037655,2023
W4362237250,W4289517407,2023
W4362237250,W4307333443,2023
W4362660787,W2960627154,2023
W4362660787,W4283171191,2023
